OrderID,CustomerID,Region,StoreID,Product,Quantity,UnitPrice,SalesAmount,OrderTime,DeviceType,Temperature,DeviceStatus,AnomalyFlag,AnomalyType
db07ec0d-e8e7-408a-846e-c2d330484d4b,CUST-2824,East,Store-009,Mobile,2,322.1,644.2,2023-01-05 23:24:55,Temp_Sensor,23.18,OK,0,
93d89258-6ef2-4bb8-9a71-cb590cb55f85,CUST-7912,East,Store-001,Laptop,2,503.69,1007.38,2023-01-30 05:24:09,RFID_Scanner,21.93,OK,0,
f97636e9-3dab-48ad-aad4-0eca034d3111,CUST-9928,South,Store-008,Tablet,5,592.47,2962.35,2023-01-01 07:34:17,RFID_Scanner,22.89,OK,0,
f20eae76-3e09-4580-8429-af1d6b76209a,CUST-3547,West,Store-011,Laptop,1,790.86,790.86,2023-01-18 10:14:28,POS_Terminal,22.23,OK,0,
5dbc9dfd-0275-4427-a4b6-089b43465200,CUST-8527,East,Store-013,Laptop,11,621.7,6838.7,2023-01-18 13:20:07,Temp_Sensor,19.35,MISMATCH,1,RFID_Mismatch
c6bd3963-d239-42b7-b414-4e39289bc2da,CUST-5741,East,Store-008,Printer,1,791.25,791.25,2023-01-23 00:15:40,Temp_Sensor,23.84,OK,0,
02fadf02-d15e-4527-94b1-9cb915a71209,CUST-6820,West,Store-009,Smartwatch,1,1237.81,1237.81,2023-01-09 07:23:27,Temp_Sensor,23.1,OK,0,
90e7e190-9d09-47a3-a399-98562cf389dc,CUST-7216,North,Store-018,Mobile,3,1693.56,5080.68,2023-01-03 17:10:20,RFID_Scanner,23.75,OK,0,
50f6c840-47fc-4117-a776-78701a91f199,CUST-7572,North,Store-003,Mobile,5,1758.92,8794.6,2023-01-16 06:37:34,RFID_Scanner,22.59,OK,0,
77d4cd70-6019-4be0-bce4-51626ae52101,CUST-8517,West,Store-009,Mobile,2,1502.73,3005.46,2023-01-27 03:57:14,POS_Terminal,23.23,OK,0,
6d65d67c-bc5e-43bf-9522-50e645fa5f8f,CUST-7543,North,Store-008,Mobile,5,1012.36,5061.8,2023-01-03 06:53:40,RFID_Scanner,19.07,OK,0,
d6c5b3f1-076e-4c24-a836-318d6588eedd,CUST-7916,East,Store-013,Tablet,5,1992.44,9962.2,2023-01-26 16:27:46,POS_Terminal,24.8,OK,0,
18175f8f-6017-413a-9e20-c876857ee103,CUST-1188,East,Store-018,Printer,3,1548.77,4646.31,2023-01-17 12:19:59,RFID_Scanner,20.05,OK,0,
54a45330-e78f-4d3d-9426-8eb38292bbd3,CUST-1053,North,Store-017,Printer,2,1039.98,2079.96,2023-01-06 03:58:39,Temp_Sensor,20.09,OK,0,
f40b3d98-1113-4b72-9a70-3e1dcaa06544,CUST-4258,West,Store-012,Printer,2,1101.79,2203.58,2023-01-26 17:54:24,RFID_Scanner,22.19,OK,0,
f8d9eb0c-6447-4cf0-8e46-cbb6a04d94e4,CUST-2832,North,Store-010,Mobile,1,519.7,519.7,2023-01-28 13:01:07,RFID_Scanner,18.6,OK,0,
1131c959-e455-4c4d-91c2-d5754ab7ad1d,CUST-2133,West,Store-005,Smartwatch,4,1896.35,7585.4,2023-01-09 00:23:12,POS_Terminal,21.69,OK,0,
307e7b0c-128e-46e0-add0-89fa1ff2eea3,CUST-4470,West,Store-010,Tablet,3,904.3,2712.9,2023-01-26 03:01:10,POS_Terminal,18.85,OK,0,
a4efe082-f0d2-40cc-8b05-07d3f3259e94,CUST-6539,East,Store-019,Camera,2,1197.46,2394.92,2023-01-01 08:22:40,RFID_Scanner,57.64,OVERHEAT,1,Overheat
ccc9f1ab-74fe-45f5-ba0d-ec19386dd4c0,CUST-6413,East,Store-017,Mobile,3,1354.51,4063.53,2023-01-11 09:36:14,Temp_Sensor,18.93,OK,0,
a19e0f19-3461-45de-b5e7-f706152d2afc,CUST-8744,West,Store-016,Printer,4,421.3,1685.2,2023-01-05 16:55:57,Temp_Sensor,21.02,OK,0,
6669123b-765f-420a-90c2-651e8fc3f3f0,CUST-8651,East,Store-004,Laptop,4,1470.02,5880.08,2023-01-06 07:18:27,RFID_Scanner,19.34,OK,0,
fc349ff6-2650-4e07-b1eb-af4d7d6b1922,CUST-3296,South,Store-006,Headphones,4,537.12,2148.48,2023-01-04 15:49:47,POS_Terminal,23.66,OK,0,
deed7de0-495c-4337-b3f3-910240c3edc7,CUST-2604,East,Store-018,Printer,1,1939.54,1939.54,2023-01-12 11:24:07,RFID_Scanner,20.84,OK,0,
8646b89b-9553-4749-9011-65a1db9edbe9,CUST-7570,East,Store-006,Tablet,1,1971.35,1971.35,2023-01-13 20:59:02,POS_Terminal,20.0,OK,0,
3c76dbf7-1367-491b-999b-246899806366,CUST-8973,West,Store-007,Headphones,2,1938.98,3877.96,2023-01-29 02:47:38,Temp_Sensor,21.8,OK,0,
26227325-5dd6-4e44-8770-6b4dd67636e4,CUST-1936,East,Store-019,Tablet,5,1842.8,9214.0,2023-01-26 18:48:24,RFID_Scanner,18.4,OK,0,
a549a740-357c-4a42-ae5b-4c5800a41a3f,CUST-4044,East,Store-020,Laptop,2,837.36,1674.72,2023-01-28 15:43:11,RFID_Scanner,45.48,OVERHEAT,1,Overheat
8e8b9888-dfd0-41f1-9de7-4b19e22fb229,CUST-9565,North,Store-009,Mobile,3,515.44,1546.32,2023-01-20 05:07:26,RFID_Scanner,22.7,OK,0,
0ff7fc69-3358-4e39-9722-963fed6a402c,CUST-6180,East,Store-001,Tablet,5,1996.99,9984.95,2023-01-05 20:29:11,RFID_Scanner,21.76,OK,0,
59628777-38f1-4118-afd0-101523f308f4,CUST-3170,North,Store-003,Mobile,3,605.73,1817.19,2023-01-22 06:31:19,Temp_Sensor,22.92,OK,0,
c1ebdda4-fbbe-4a10-bd31-b79c2493ff1c,CUST-9666,East,Store-018,Headphones,1,1880.91,1880.91,2023-01-07 12:27:37,POS_Terminal,18.81,OK,0,
9f0042da-5471-4981-9d9d-027320b659bb,CUST-3546,North,Store-010,Camera,2,1449.34,2898.68,2023-01-10 21:12:29,Temp_Sensor,22.44,OK,0,
6712deef-60c5-4ba8-a340-e4758e0dbe4e,CUST-9004,North,Store-002,Laptop,4,1667.23,6668.92,2023-01-03 03:21:53,RFID_Scanner,20.33,OK,0,
e639a6b6-a169-4779-b3b1-ca6c7ece63dd,CUST-5291,West,Store-015,Camera,4,1143.77,4575.08,2023-01-06 10:20:33,RFID_Scanner,24.62,OK,0,
a859f3fc-d8f4-4d7f-86b8-bc05a19d7368,CUST-3442,East,Store-012,Camera,5,338.78,1693.9,2023-01-07 04:29:05,RFID_Scanner,20.16,OK,0,
32984a6e-5336-4884-ba89-45189705bb00,CUST-1653,North,Store-007,Smartwatch,2,1350.52,2701.04,2023-01-18 04:03:55,Temp_Sensor,24.19,OK,0,
649b7a44-676b-43fe-9b08-be738d1f5151,CUST-3532,West,Store-006,Printer,2,1768.76,3537.52,2023-01-02 04:52:41,RFID_Scanner,23.16,OK,0,
e9e97f22-0318-4069-a0e4-2ceb275737b2,CUST-7745,West,Store-009,Mobile,1,795.96,795.96,2023-01-02 21:07:02,POS_Terminal,19.56,OK,0,
053e3dc4-18eb-43e2-98b5-621c4008a386,CUST-8541,North,Store-010,Printer,2,484.7,969.4,2023-01-10 09:00:45,POS_Terminal,20.3,OK,0,
d61d139a-0b53-4c6e-bc22-c4e1be369661,CUST-5573,North,Store-017,Tablet,5,695.74,3478.7,2023-01-02 08:09:25,RFID_Scanner,24.14,OK,0,
dc63817c-bcdb-4eb6-b3d9-5506b1a3c64b,CUST-5349,East,Store-004,Camera,4,724.09,2896.36,2023-01-16 05:27:38,POS_Terminal,22.24,OK,0,
8ae9b567-5c3f-4bce-862c-8607d3f50424,CUST-7311,West,Store-009,Laptop,4,53.3,213.2,2023-01-27 03:20:31,Temp_Sensor,23.04,OK,0,
e61209c5-7184-41ef-aac6-dcb64f4312d2,CUST-4228,North,Store-014,Laptop,3,1265.15,3795.45,2023-01-07 01:11:56,Temp_Sensor,24.3,OK,0,
db728960-8adc-4932-adc1-ac26e32c0245,CUST-7691,North,Store-013,Smartwatch,3,1131.1,3393.3,2023-01-10 07:30:35,POS_Terminal,22.65,OK,0,
1ddb5637-5b1f-4dd7-941b-f2da2ff88dbe,CUST-3851,North,Store-013,Camera,1,642.56,642.56,2023-01-11 04:52:50,POS_Terminal,23.5,OK,0,
47154cc4-f21a-4ee9-9f12-3dcd82345f62,CUST-6279,South,Store-015,Tablet,2,1046.79,2093.58,2023-01-09 05:42:17,Temp_Sensor,18.59,OK,0,
592a610b-bcc8-4354-b6f9-ca146d543d69,CUST-6491,East,Store-008,Smartwatch,3,488.05,1464.15,2023-01-10 16:00:11,RFID_Scanner,18.17,OK,0,
8a7ed17a-a56f-4c96-91df-3e099af1ecd5,CUST-8784,East,Store-015,Tablet,5,429.15,2145.75,2023-01-19 15:22:02,POS_Terminal,20.8,OK,0,
bf1c5c65-7abf-4c01-9404-936db33a612a,CUST-1090,East,Store-014,Mobile,2,1618.01,3236.02,2023-01-26 03:27:52,POS_Terminal,18.35,OK,0,
fda3e34b-b87c-4893-a254-a01f718f7449,CUST-2988,South,Store-005,Printer,4,1351.78,5407.12,2023-01-28 03:11:42,Temp_Sensor,20.22,OK,0,
10db2014-6758-49d5-b712-1b2891e968c1,CUST-8251,South,Store-018,Tablet,2,1500.13,3000.26,2023-01-24 01:02:08,POS_Terminal,19.81,OK,0,
4c7ccd1e-9131-43d6-8439-8e9e4961dbd6,CUST-5543,South,Store-008,Headphones,4,201.09,804.36,2023-01-14 20:53:50,RFID_Scanner,19.9,OK,0,
48d4440d-590e-4cf9-8660-3b81cc1c704f,CUST-9849,East,Store-005,Mobile,2,796.92,1593.84,2023-01-08 10:01:51,Temp_Sensor,19.5,OK,0,
f024f733-f063-41ce-ab2f-4f35d530c52f,CUST-6421,South,Store-014,Laptop,10,1674.14,16741.4,2023-01-19 21:46:24,Temp_Sensor,24.62,MISMATCH,1,RFID_Mismatch
9e021cee-1aa3-4839-b46b-cc05e8325a3d,CUST-8814,East,Store-012,Headphones,4,1714.22,6856.88,2023-01-21 08:11:42,Temp_Sensor,23.23,OK,0,
9a72be7d-3ca5-4b64-878c-f443aea6cae5,CUST-4613,South,Store-008,Headphones,4,997.0,3988.0,2023-01-19 21:03:05,POS_Terminal,22.68,OK,0,
9fad8b36-fcd2-4037-a019-728e16ca3686,CUST-3704,South,Store-005,Camera,13,102.58,1333.54,2023-01-20 03:04:00,Temp_Sensor,21.95,MISMATCH,1,RFID_Mismatch
199de6e5-8d11-4887-b2b7-c05dab1b0108,CUST-3223,South,Store-006,Laptop,3,789.25,2367.75,2023-01-11 06:36:07,POS_Terminal,20.29,OK,0,
8b67fa52-42bb-486a-866c-aa1a893ee151,CUST-7211,North,Store-014,Headphones,1,967.1,967.1,2023-01-27 04:28:07,RFID_Scanner,25.0,OK,0,
3afae91f-cc69-46ec-941b-58cefcb85d7e,CUST-2124,East,Store-001,Mobile,2,1686.5,3373.0,2023-01-08 09:32:17,RFID_Scanner,18.88,OK,0,
fae848cf-90c7-46fe-af09-87e58efbf673,CUST-4571,South,Store-009,Printer,3,377.19,1131.57,2023-01-30 11:29:40,Temp_Sensor,23.03,OK,0,
14dc706f-5b8c-45ff-98a3-5246959b1b69,CUST-3683,North,Store-004,Camera,1,1861.33,1861.33,2023-01-28 22:51:06,Temp_Sensor,24.36,OK,0,
2b4da48a-9939-4bb3-8203-0f35369dff71,CUST-4249,East,Store-019,Smartwatch,2,248.71,497.42,2023-01-15 15:22:09,Temp_Sensor,22.2,OK,0,
2bb8c321-2f07-408d-895a-217cda90ee50,CUST-1672,North,Store-018,Tablet,3,184.47,553.41,2023-01-17 13:33:47,RFID_Scanner,23.95,OK,0,
82961f57-063d-452e-abe1-c8c0ce076f1d,CUST-2729,South,Store-012,Smartwatch,4,1429.25,5717.0,2023-01-22 03:22:45,RFID_Scanner,23.14,OK,0,
cd669277-e660-44cd-82ad-a365c6d375cd,CUST-5425,South,Store-015,Tablet,5,573.37,2866.85,2023-01-12 22:01:21,RFID_Scanner,19.95,OK,0,
22c7aca4-9dda-4759-b9b9-2c585ae3cc71,CUST-8613,South,Store-011,Laptop,4,1709.36,6837.44,2023-01-09 19:51:31,POS_Terminal,19.48,OK,0,
37ce4b04-72d4-4b8e-ad0f-0d98e56445a0,CUST-6576,North,Store-020,Smartwatch,3,1133.79,3401.37,2023-01-26 01:54:51,RFID_Scanner,18.6,OK,0,
5e8bc1da-b338-4da5-a533-e79d55161bc9,CUST-9004,West,Store-016,Smartwatch,4,923.94,3695.76,2023-01-01 20:05:23,RFID_Scanner,20.06,OK,0,
c54c6465-2334-470a-96eb-c231951f3a52,CUST-4986,North,Store-019,Headphones,4,1129.27,4517.08,2023-01-17 16:30:23,POS_Terminal,24.98,OK,0,
f731fb0a-90fc-45c6-bcfb-4698de4aab77,CUST-6764,South,Store-009,Headphones,3,499.55,1498.65,2023-01-10 08:22:37,POS_Terminal,18.84,OK,0,
64c0cbdb-e900-4836-b2f9-16c863b43743,CUST-4033,West,Store-007,Smartwatch,4,589.17,2356.68,2023-01-29 14:55:06,Temp_Sensor,22.18,OK,0,
8b3f2653-2715-4c19-8470-561498d10b2c,CUST-4180,North,Store-008,Headphones,2,639.42,1278.84,2023-01-26 22:18:44,RFID_Scanner,19.92,OK,0,
eae906ef-423a-4a33-89bc-764dafc92988,CUST-5786,West,Store-016,Laptop,1,1169.43,1169.43,2023-01-23 18:53:13,POS_Terminal,21.08,OK,0,
8da029e6-743a-4706-89cd-2f482fdfef77,CUST-1841,North,Store-016,Laptop,1,831.38,831.38,2023-01-04 14:18:43,Temp_Sensor,55.28,OVERHEAT,1,Overheat
3f4c10ed-f617-45ee-9a10-dc7e9c7ee703,CUST-5978,East,Store-008,Laptop,5,1540.66,7703.3,2023-01-30 10:24:40,Temp_Sensor,23.54,OK,0,
18a5c193-d3af-4384-a220-51326dd70bd7,CUST-9561,South,Store-015,Tablet,8,1727.32,13818.56,2023-01-21 19:37:22,POS_Terminal,21.98,MISMATCH,1,RFID_Mismatch
50513d65-1960-42c7-b057-a76632c1b3ee,CUST-4404,West,Store-009,Smartwatch,1,356.26,0.0,2023-01-09 10:30:26,Temp_Sensor,18.53,FAILED,1,Device_Failure
e07e1698-ed89-47af-abe9-a10987ea2889,CUST-8699,North,Store-002,Mobile,3,1428.56,4285.68,2023-01-23 00:59:05,RFID_Scanner,22.81,OK,0,
7ff40b5a-bbcd-4d93-b118-084ce229f538,CUST-4241,South,Store-004,Camera,2,1312.89,2625.78,2023-01-13 21:29:03,RFID_Scanner,18.5,OK,0,
f36ef801-88ab-4017-a313-d792f72df91b,CUST-6039,North,Store-015,Laptop,4,1392.92,5571.68,2023-01-20 12:57:23,POS_Terminal,21.5,OK,0,
794f83af-1630-4139-9ab1-0b706007c3a9,CUST-2317,East,Store-014,Smartwatch,3,1227.24,3681.72,2023-01-02 06:08:05,RFID_Scanner,19.6,OK,0,
faaaa5b6-a5b7-4e56-9044-3f33051c8f32,CUST-1339,North,Store-019,Laptop,2,967.48,1934.96,2023-01-22 11:14:04,POS_Terminal,19.27,OK,0,
7bbcfa82-1df1-47c4-bf89-7d64927eca64,CUST-9056,East,Store-016,Headphones,4,699.95,2799.8,2023-01-06 01:52:03,RFID_Scanner,20.31,OK,0,
74e35fc6-9b61-4665-9c63-afd3ea8152f1,CUST-5722,South,Store-018,Laptop,4,221.72,886.88,2023-01-13 06:03:57,POS_Terminal,18.81,OK,0,
7c9c0af5-2796-4a4b-b79b-8a90d5e7eed1,CUST-9431,East,Store-018,Tablet,4,155.7,622.8,2023-01-26 04:01:32,POS_Terminal,22.36,OK,0,
3a206555-44c0-40b1-9cb7-ae908e3e96a8,CUST-8242,East,Store-007,Headphones,5,305.48,1527.4,2023-01-14 23:34:41,POS_Terminal,24.17,OK,0,
bc9be732-838f-4153-b89d-768557a33cbd,CUST-1472,West,Store-006,Headphones,5,76.67,383.35,2023-01-20 19:20:36,RFID_Scanner,19.57,OK,0,
8dff14e7-6dc5-4766-9886-3565d30e4a4f,CUST-2858,South,Store-004,Smartwatch,2,1021.83,2043.66,2023-01-15 04:02:36,Temp_Sensor,22.94,OK,0,
c87c277b-f5f7-4400-b507-85d18d754d47,CUST-8905,South,Store-008,Tablet,5,332.05,1660.25,2023-01-10 06:04:37,Temp_Sensor,21.56,OK,0,
06b209f8-1eaa-4fe4-a810-df490b6743fd,CUST-2143,North,Store-014,Headphones,5,570.99,2854.95,2023-01-01 02:59:19,POS_Terminal,23.08,OK,0,
231478cc-a7b8-47c6-beb6-75aa3c5a3f53,CUST-9022,West,Store-015,Camera,4,722.99,2891.96,2023-01-27 19:01:49,Temp_Sensor,20.64,OK,0,
9e30a46b-0500-4178-a8f0-52ee44d51686,CUST-4090,West,Store-019,Tablet,2,1719.23,3438.46,2023-01-20 22:35:15,RFID_Scanner,20.23,OK,0,
59acf73c-62b3-4dd1-8125-2af13477b21e,CUST-7246,South,Store-005,Tablet,1,296.18,296.18,2023-01-29 15:36:36,POS_Terminal,24.09,OK,0,
2da0cee5-0233-4c0d-8e14-98050a7a2d57,CUST-8213,East,Store-017,Tablet,1,1458.77,0.0,2023-01-20 21:39:34,Temp_Sensor,24.79,FAILED,1,Device_Failure
bbc3e477-8850-4eaa-bb3b-2b371228d2fb,CUST-6546,South,Store-003,Printer,3,1712.07,5136.21,2023-01-26 21:42:54,POS_Terminal,24.68,OK,0,
9500473e-e5b5-4fdf-b2fe-c5477c3dadf3,CUST-8994,East,Store-020,Laptop,2,1280.76,2561.52,2023-01-14 22:49:14,RFID_Scanner,23.23,OK,0,
ba30209b-9d87-4951-bb84-93aa3f3ea4f7,CUST-2612,East,Store-015,Mobile,3,1811.68,5435.04,2023-01-03 05:35:00,POS_Terminal,23.57,OK,0,
04e72804-2f73-4adf-a54d-4b3f1c009c06,CUST-7141,South,Store-005,Mobile,5,853.5,4267.5,2023-01-09 17:46:53,RFID_Scanner,19.23,OK,0,
e85fffb6-4780-489c-a57c-dbdeec26bb9e,CUST-7267,West,Store-016,Camera,2,502.77,0.0,2023-01-13 07:54:18,POS_Terminal,19.79,FAILED,1,Device_Failure
c16ea041-66f1-49d1-8e68-88847715674e,CUST-5712,West,Store-003,Tablet,3,1975.92,5927.76,2023-01-15 12:32:23,Temp_Sensor,24.73,OK,0,
57ddc131-bbea-47a6-9d9b-de4d86492516,CUST-8484,North,Store-007,Tablet,4,257.97,1031.88,2023-01-19 12:19:17,Temp_Sensor,20.51,OK,0,
4ff4c602-f84b-4ccb-80cd-7fcc12fb64ba,CUST-5837,East,Store-013,Headphones,1,1153.56,1153.56,2023-01-03 09:08:26,Temp_Sensor,23.22,OK,0,
9245e982-5850-4bdb-b95e-49d530c5589d,CUST-5689,West,Store-020,Printer,3,477.06,1431.18,2023-01-10 05:31:11,Temp_Sensor,19.75,OK,0,
008aa73b-65f4-4f4c-b5b7-c409937c390c,CUST-3240,East,Store-002,Headphones,4,115.06,460.24,2023-01-18 17:05:38,Temp_Sensor,18.92,OK,0,
3ffbdcc2-4f77-4102-82ef-9d763756667f,CUST-6352,South,Store-006,Mobile,2,1583.7,3167.4,2023-01-18 18:15:17,Temp_Sensor,21.51,OK,0,
e22449e3-7a0a-46d6-9013-3727b34f5891,CUST-3695,North,Store-016,Printer,3,1505.79,4517.37,2023-01-17 10:37:54,RFID_Scanner,56.5,OVERHEAT,1,Overheat
e9e724bb-b718-4583-a916-26d59e6f0889,CUST-7511,North,Store-003,Printer,4,77.14,308.56,2023-01-27 01:09:07,RFID_Scanner,21.18,OK,0,
fafb4729-1ce8-4192-a556-19dace93d550,CUST-5295,South,Store-012,Laptop,2,969.38,1938.76,2023-01-28 06:05:13,POS_Terminal,24.41,OK,0,
18b9af91-aecb-4fe2-97ad-9e861dc91abd,CUST-2035,South,Store-010,Smartwatch,4,277.52,1110.08,2023-01-03 04:49:58,RFID_Scanner,20.13,OK,0,
950cbd40-f9cd-4c03-8bba-1e4c722d641b,CUST-2592,West,Store-018,Mobile,4,934.61,3738.44,2023-01-27 05:22:11,POS_Terminal,22.11,OK,0,
3bb9ece3-6798-447d-9a46-23b0b1a1bd92,CUST-7797,East,Store-016,Camera,4,1881.15,7524.6,2023-01-14 13:55:15,RFID_Scanner,22.83,OK,0,
d700e41f-a797-446b-a64f-ead32aa8249d,CUST-8285,West,Store-012,Laptop,3,1111.71,3335.13,2023-01-18 09:53:07,RFID_Scanner,20.79,OK,0,
ae52d00f-e21e-44b0-97d1-b3cf697eaefc,CUST-3001,South,Store-003,Smartwatch,2,1301.32,2602.64,2023-01-29 23:43:31,RFID_Scanner,18.35,OK,0,
160c363e-150c-4cc3-af28-1a5b94c59fdc,CUST-3063,West,Store-003,Printer,5,453.96,2269.8,2023-01-11 11:36:05,RFID_Scanner,20.3,OK,0,
7346a8f1-4c46-4484-bdff-0a77d37565ab,CUST-1046,North,Store-005,Mobile,5,538.78,2693.9,2023-01-09 11:18:13,RFID_Scanner,43.96,OVERHEAT,1,Overheat
fcf0a5a0-f31e-4452-8b0d-86c47b296911,CUST-4898,North,Store-001,Mobile,3,152.18,0.0,2023-01-21 10:27:16,Temp_Sensor,18.8,FAILED,1,Device_Failure
cda3e30a-81b9-4049-afda-7898b2805ed0,CUST-6931,East,Store-015,Camera,2,1893.56,3787.12,2023-01-03 02:31:26,Temp_Sensor,23.48,OK,0,
4d48c2d5-129f-424e-a88f-f5a161d5072c,CUST-9543,North,Store-015,Smartwatch,1,168.61,168.61,2023-01-24 06:03:15,POS_Terminal,20.98,OK,0,
330c753f-67c4-4e0d-bc76-8c1cef307dd7,CUST-8267,East,Store-003,Headphones,5,339.25,1696.25,2023-01-07 03:01:25,POS_Terminal,22.37,OK,0,
7e24eed4-00c8-4b4c-a0e5-6458f8a38699,CUST-6327,South,Store-020,Camera,3,934.75,2804.25,2023-01-30 09:22:24,POS_Terminal,18.69,OK,0,
12d74ebd-72da-4d13-9430-9f323d59b90b,CUST-4522,South,Store-015,Mobile,4,710.92,0.0,2023-01-23 00:21:52,POS_Terminal,20.91,FAILED,1,Device_Failure
64dde0ab-6b23-46cd-a2e8-e5e55326c5dd,CUST-6120,North,Store-012,Mobile,4,180.91,723.64,2023-01-05 03:27:24,RFID_Scanner,21.02,OK,0,
f50f3fb9-4b9b-4bc1-989a-ecac1f5ce6b5,CUST-7105,West,Store-018,Laptop,5,1915.42,9577.1,2023-01-28 06:24:30,POS_Terminal,22.69,OK,0,
905ca435-18d1-4a01-9f09-b64f22b13fc5,CUST-7929,East,Store-010,Camera,3,735.71,2207.13,2023-01-29 01:19:25,Temp_Sensor,19.49,OK,0,
ba02f571-5ef9-4e35-a5ab-a38d19c2d9fb,CUST-4674,East,Store-012,Printer,5,766.74,3833.7,2023-01-14 12:33:19,Temp_Sensor,19.58,OK,0,
59147959-36ea-43fa-b750-992d143b2dfd,CUST-1430,North,Store-001,Mobile,3,1420.26,4260.78,2023-01-15 23:59:35,POS_Terminal,20.46,OK,0,
2ad27419-567a-4026-8f53-836d81a426fe,CUST-3347,South,Store-003,Mobile,1,228.93,228.93,2023-01-26 18:03:25,RFID_Scanner,20.63,OK,0,
9cef91d8-a1c3-484b-9e3d-b6874516ae78,CUST-3578,North,Store-010,Smartwatch,3,1564.83,4694.49,2023-01-28 13:17:39,Temp_Sensor,53.86,OVERHEAT,1,Overheat
79e30b2a-2179-4b95-a4e2-2206b359d086,CUST-1815,East,Store-009,Tablet,4,997.04,3988.16,2023-01-22 11:01:07,POS_Terminal,19.91,OK,0,
95604d76-9987-4af4-a7c3-e0542e8e15fa,CUST-2864,North,Store-014,Laptop,3,1372.52,4117.56,2023-01-29 19:03:05,POS_Terminal,21.69,OK,0,
3600e184-e4e7-4cdb-9107-4aad1bb93636,CUST-4612,South,Store-020,Laptop,1,448.63,448.63,2023-01-11 06:06:19,RFID_Scanner,23.35,OK,0,
cb456b06-1389-4294-b99a-469aedf6dbec,CUST-2965,East,Store-016,Smartwatch,4,392.6,1570.4,2023-01-19 10:58:25,Temp_Sensor,22.93,OK,0,
1b75efae-427a-4093-80d0-92a3e901a0b1,CUST-6802,East,Store-013,Printer,1,900.63,900.63,2023-01-23 07:39:09,RFID_Scanner,24.03,OK,0,
843b78cf-350e-4450-85a2-ea7688b8ea1d,CUST-7626,South,Store-010,Laptop,4,90.67,362.68,2023-01-16 18:22:56,RFID_Scanner,23.61,OK,0,
4deec068-5dbd-4a52-b727-0016176214de,CUST-6928,East,Store-014,Printer,1,524.47,524.47,2023-01-29 14:05:05,POS_Terminal,21.67,OK,0,
8f7f3e76-75dc-4a0b-af67-1920d7b1f56c,CUST-6083,North,Store-008,Headphones,2,198.94,397.88,2023-01-06 12:51:02,Temp_Sensor,21.57,OK,0,
b4b92dc7-9ebe-4f2f-babd-f71612e6dc4b,CUST-6724,North,Store-005,Mobile,1,335.57,335.57,2023-01-10 13:50:17,RFID_Scanner,22.22,OK,0,
66f2e91c-8f95-4a94-969a-c693bfeb05b2,CUST-2234,West,Store-016,Tablet,5,1531.76,7658.8,2023-01-22 19:00:45,Temp_Sensor,24.47,OK,0,
557644d9-5cce-4cc1-96fb-d89404d0a780,CUST-6295,North,Store-005,Tablet,1,964.4,964.4,2023-01-15 16:48:40,POS_Terminal,22.14,OK,0,
02529865-a023-41a4-9933-5cf1d5d5fcea,CUST-2215,North,Store-015,Tablet,1,160.94,160.94,2023-01-14 22:28:08,RFID_Scanner,22.51,OK,0,
57f92bf6-4145-484d-9e96-0fc34039afec,CUST-2479,South,Store-015,Camera,5,1910.75,9553.75,2023-01-02 23:47:41,POS_Terminal,24.36,OK,0,
90ecf74f-2830-4dbf-9345-0b9b85d7be20,CUST-4084,North,Store-020,Tablet,5,344.18,1720.9,2023-01-04 00:05:17,POS_Terminal,18.72,OK,0,
0e0d9abb-56b7-469a-9f86-7fd2dfe5163a,CUST-6626,East,Store-017,Smartwatch,2,126.33,252.66,2023-01-22 06:01:31,POS_Terminal,21.67,OK,0,
1db37d60-1ef4-45be-b644-afa60fbdc34f,CUST-6962,North,Store-010,Tablet,4,1560.21,6240.84,2023-01-30 00:35:15,RFID_Scanner,23.52,OK,0,
7e7618fc-7c59-4631-840e-f094da773f40,CUST-2079,North,Store-004,Camera,4,604.09,2416.36,2023-01-30 06:11:50,RFID_Scanner,20.33,OK,0,
e8ee6e41-6e32-4dcf-b406-9b3cbbb27288,CUST-3317,North,Store-010,Smartwatch,4,301.46,1205.84,2023-01-05 02:42:17,POS_Terminal,21.91,OK,0,
40ea8d08-83e5-47ff-b5ef-10d2509b6151,CUST-6381,West,Store-017,Laptop,4,1041.55,4166.2,2023-01-01 21:14:24,POS_Terminal,20.16,OK,0,
9f58f861-ba27-4f45-af41-c49b666de290,CUST-6598,South,Store-007,Mobile,2,352.14,704.28,2023-01-15 08:37:21,RFID_Scanner,21.55,OK,0,
f69431d0-6efa-430a-909a-046e9bf4d8a9,CUST-9626,East,Store-011,Printer,5,305.55,1527.75,2023-01-19 06:54:37,RFID_Scanner,19.14,OK,0,
81a6ee32-0d03-4e1c-9a8a-4c379ba5b426,CUST-3712,South,Store-002,Tablet,3,1368.91,4106.73,2023-01-12 12:44:33,POS_Terminal,22.27,OK,0,
74349461-5197-4120-a949-38b62b123cae,CUST-8355,West,Store-018,Mobile,3,1932.91,5798.73,2023-01-23 18:26:34,RFID_Scanner,20.57,OK,0,
d698edc1-e9e6-4811-85ad-db7ad245d9b9,CUST-8218,South,Store-010,Printer,4,1030.67,4122.68,2023-01-21 07:46:30,RFID_Scanner,23.72,OK,0,
a15a5619-ffb5-449c-9db9-bd1ff97bfb9d,CUST-3267,North,Store-002,Smartwatch,4,1754.53,7018.12,2023-01-27 22:05:12,RFID_Scanner,22.98,OK,0,
a928f132-844e-4db0-bca6-431c737fe07e,CUST-3042,North,Store-003,Printer,2,581.94,1163.88,2023-01-25 22:05:57,RFID_Scanner,55.42,OVERHEAT,1,Overheat
8cd2b067-46ac-4ed1-8593-d85583f05722,CUST-6727,East,Store-014,Laptop,4,1028.91,4115.64,2023-01-12 10:42:04,POS_Terminal,24.96,OK,0,
4050e1c0-5d22-4594-817c-8b3543913673,CUST-1461,North,Store-004,Printer,3,1593.19,4779.57,2023-01-07 16:18:54,RFID_Scanner,20.01,OK,0,
b3892d55-1174-444a-97aa-6d4714712cb5,CUST-3273,South,Store-015,Camera,1,1816.42,1816.42,2023-01-01 22:08:28,POS_Terminal,19.51,OK,0,
2e6caaee-eed8-40d8-bebe-a07c96b84a82,CUST-9647,South,Store-004,Printer,3,513.4,1540.2,2023-01-06 21:57:49,RFID_Scanner,19.67,OK,0,
4fac7acd-20aa-4d3c-8d43-f9b8aa74d5f7,CUST-8489,East,Store-004,Printer,4,1213.64,4854.56,2023-01-01 19:08:54,Temp_Sensor,21.61,OK,0,
8ad8bdef-c7fe-48b2-a1c0-5d5623b0f00f,CUST-3352,North,Store-014,Laptop,5,737.99,3689.95,2023-01-28 16:52:17,POS_Terminal,19.31,OK,0,
845bddfd-2554-42bc-ba74-c1576eaa7f08,CUST-9576,North,Store-003,Camera,5,1039.29,5196.45,2023-01-25 15:25:23,Temp_Sensor,18.14,OK,0,
c244792f-e6c6-4358-b382-64b01380246f,CUST-1713,South,Store-012,Headphones,1,746.33,746.33,2023-01-04 06:42:45,POS_Terminal,19.69,OK,0,
8bfdae91-c6ff-4954-a5b3-d2d939ea6dcf,CUST-2698,North,Store-005,Laptop,3,1114.73,3344.19,2023-01-09 11:59:37,Temp_Sensor,21.25,OK,0,
314a92b8-f99a-4a2c-af6b-c718f600176f,CUST-3986,West,Store-003,Smartwatch,4,122.12,488.48,2023-01-10 18:52:13,RFID_Scanner,23.54,OK,0,
5cd8bf82-8f4f-44e6-8f1d-f42bb3e90198,CUST-6170,North,Store-017,Tablet,5,973.13,4865.65,2023-01-02 18:39:58,Temp_Sensor,19.34,OK,0,
371a6268-b5c8-4c71-996c-886aabf08e2a,CUST-1783,North,Store-009,Laptop,3,902.06,2706.18,2023-01-20 10:03:32,Temp_Sensor,21.08,OK,0,
90a46b6e-938b-4738-80a8-1540e9f46e72,CUST-6554,West,Store-016,Smartwatch,4,766.33,3065.32,2023-01-26 05:00:00,POS_Terminal,23.61,OK,0,
2d27f8e0-12f2-4186-9632-24d2cc6d8498,CUST-2293,South,Store-020,Printer,2,1113.68,2227.36,2023-01-16 14:14:18,RFID_Scanner,18.56,OK,0,
974e0f4f-0be3-4960-b706-16565f638ae3,CUST-6021,South,Store-020,Smartwatch,4,374.96,1499.84,2023-01-22 13:11:26,POS_Terminal,21.13,OK,0,
16f73776-0eab-464e-a246-9ce136dfad2f,CUST-6776,South,Store-009,Smartwatch,1,196.33,196.33,2023-01-20 17:16:09,POS_Terminal,21.59,OK,0,
ffa95a8f-f096-4a5e-9549-97336b083e50,CUST-3621,East,Store-005,Printer,5,1372.27,6861.35,2023-01-22 06:30:30,RFID_Scanner,18.88,OK,0,
02f901a6-0ec3-4cc6-b377-2532d6303631,CUST-7001,North,Store-013,Camera,1,1229.93,1229.93,2023-01-22 20:11:52,POS_Terminal,20.6,OK,0,
28bb069e-49cc-4025-844e-ddb530596566,CUST-3255,North,Store-013,Headphones,3,536.74,1610.22,2023-01-06 12:10:37,RFID_Scanner,23.15,OK,0,
30d8b080-e9cb-49ea-bfc7-27623d5937cc,CUST-7340,East,Store-009,Printer,3,1422.87,4268.61,2023-01-11 09:59:33,Temp_Sensor,20.0,OK,0,
39cb491e-a09d-431a-b0a5-7da1cb463205,CUST-9047,West,Store-004,Mobile,1,931.48,931.48,2023-01-22 14:35:31,RFID_Scanner,23.67,OK,0,
44f6b7ad-4f76-430c-98e4-efcaa3bbd08c,CUST-6236,North,Store-003,Camera,5,616.21,3081.05,2023-01-15 13:28:29,RFID_Scanner,22.98,OK,0,
bc4f8a74-8c1d-45f1-8cf4-272d1304e84f,CUST-3852,North,Store-017,Mobile,10,1971.01,19710.1,2023-01-07 17:48:11,RFID_Scanner,23.53,MISMATCH,1,RFID_Mismatch
9a4a9142-9fc7-462a-891d-3b7100836883,CUST-7044,South,Store-018,Mobile,5,1774.28,8871.4,2023-01-04 04:36:07,POS_Terminal,20.79,OK,0,
917e112a-02d5-4145-ba5e-9c883b11b6b1,CUST-8842,South,Store-014,Printer,5,193.81,969.05,2023-01-16 09:21:50,Temp_Sensor,18.52,OK,0,
8ec75bad-d509-44cf-8f90-3f1fcfec496c,CUST-9476,North,Store-005,Printer,5,1297.6,6488.0,2023-01-09 20:00:08,RFID_Scanner,21.03,OK,0,
3c1f83ef-38c7-49a7-9749-81654d331462,CUST-1907,East,Store-017,Mobile,3,371.08,1113.24,2023-01-16 15:55:37,Temp_Sensor,19.58,OK,0,
0dfffc9b-ad30-4e4a-8d50-6b15c49f5b2a,CUST-9501,North,Store-003,Headphones,2,1288.36,2576.72,2023-01-27 17:46:36,POS_Terminal,18.88,OK,0,
f38e2253-f11a-4d87-95af-441a68e17ed2,CUST-9740,East,Store-017,Smartwatch,2,1204.03,2408.06,2023-01-29 04:30:07,RFID_Scanner,19.2,OK,0,
1bad1716-a9e7-4354-b110-a5416f818636,CUST-6531,East,Store-001,Laptop,1,1899.67,1899.67,2023-01-28 23:59:13,POS_Terminal,22.56,OK,0,
22be94a8-8540-4669-bc0e-8085d8d6a563,CUST-7825,East,Store-016,Smartwatch,5,614.86,3074.3,2023-01-15 15:57:54,POS_Terminal,19.71,OK,0,
58fbe506-89ab-4727-b21a-6ccc32571ddc,CUST-7653,North,Store-015,Laptop,1,358.26,358.26,2023-01-21 04:14:03,POS_Terminal,21.25,OK,0,
7847539b-7731-4b08-bf2f-9088bc8854fc,CUST-3353,North,Store-011,Smartwatch,3,1951.98,5855.94,2023-01-07 08:21:12,POS_Terminal,21.6,OK,0,
6fa25a68-db2a-498c-bbfc-be26f9b27113,CUST-4960,South,Store-004,Headphones,4,533.44,2133.76,2023-01-05 16:47:37,RFID_Scanner,20.03,OK,0,
5377e395-9d37-4982-acff-f90f7143bb8c,CUST-7850,West,Store-006,Printer,3,1870.82,5612.46,2023-01-16 04:20:21,RFID_Scanner,23.34,OK,0,
e246db88-8a7e-44e3-b256-80b066e0fdd0,CUST-9433,South,Store-016,Headphones,4,95.19,380.76,2023-01-20 02:09:37,Temp_Sensor,21.2,OK,0,
0af4848d-920c-4c57-8e0d-a9b39013b2c0,CUST-6781,East,Store-002,Headphones,4,1215.16,4860.64,2023-01-23 20:16:24,POS_Terminal,21.76,OK,0,
f2caae7f-90d7-4924-ab13-8d61d4f38df0,CUST-8060,West,Store-009,Smartwatch,3,1539.52,4618.56,2023-01-18 18:20:52,RFID_Scanner,20.8,OK,0,
7f7f36b8-509a-4963-bb69-d1bf7c11445f,CUST-4189,North,Store-018,Headphones,1,803.38,803.38,2023-01-22 20:42:03,Temp_Sensor,19.96,OK,0,
ad7fd5a2-17be-4f45-9648-903a72abf532,CUST-2946,West,Store-004,Tablet,3,1600.05,4800.15,2023-01-17 11:03:46,Temp_Sensor,24.57,OK,0,
50e009cf-117d-45c5-aeac-ad00fbcc6e16,CUST-4261,South,Store-017,Laptop,1,125.88,125.88,2023-01-17 04:01:13,POS_Terminal,21.64,OK,0,
08613cc2-195f-4a28-b49c-131884c3c595,CUST-9446,West,Store-011,Camera,3,366.88,1100.64,2023-01-30 22:16:30,Temp_Sensor,23.9,OK,0,
f0852125-5f6b-43ad-9c2a-29e938388430,CUST-9311,South,Store-019,Headphones,4,1640.71,6562.84,2023-01-18 21:10:04,POS_Terminal,22.72,OK,0,
c9ee7033-2081-4ffd-88fe-e350697e03b7,CUST-6040,East,Store-020,Tablet,3,1935.79,0.0,2023-01-29 01:58:17,Temp_Sensor,19.59,FAILED,1,Device_Failure
bdf16205-5c5e-41da-a4cc-43041a33fd8a,CUST-3793,South,Store-005,Printer,2,111.56,223.12,2023-01-06 08:02:15,RFID_Scanner,18.13,OK,0,
2c5d9e0c-012b-4612-a63f-afbb1fc415d5,CUST-3481,South,Store-007,Tablet,5,1561.2,7806.0,2023-01-23 21:27:36,Temp_Sensor,23.09,OK,0,
835ab991-7687-4cd7-855d-fb1be19ffd81,CUST-9498,West,Store-018,Headphones,4,1074.68,4298.72,2023-01-16 05:32:53,RFID_Scanner,21.22,OK,0,
1857392f-fbc3-410c-bff3-23ba1afa90e5,CUST-9950,North,Store-009,Camera,4,424.92,1699.68,2023-01-12 23:12:56,POS_Terminal,21.91,OK,0,
f664a04a-24ed-4f3f-8aae-fc6445e1819c,CUST-5876,North,Store-007,Smartwatch,4,668.23,2672.92,2023-01-17 22:23:06,Temp_Sensor,24.54,OK,0,
e35c6ae6-4c9f-495a-8a51-b4d126198d95,CUST-5480,North,Store-004,Camera,5,790.4,3952.0,2023-01-20 03:39:49,POS_Terminal,24.68,OK,0,
c49aab1e-dff0-4e6c-b989-fe60b47107c4,CUST-5758,East,Store-010,Smartwatch,1,725.41,725.41,2023-01-22 11:24:19,Temp_Sensor,19.8,OK,0,
5f84ed66-a0fb-4ccb-881e-56a8d4fb73f1,CUST-4310,North,Store-018,Smartwatch,3,317.68,953.04,2023-01-30 21:18:56,Temp_Sensor,22.11,OK,0,
c26774fc-d0ce-449c-8a3b-6baf0a16f29d,CUST-9700,West,Store-008,Laptop,1,855.94,855.94,2023-01-23 22:23:25,RFID_Scanner,22.77,OK,0,
2545673f-5ae3-4355-b8be-3fac6edb21ae,CUST-3587,South,Store-016,Tablet,2,1524.03,3048.06,2023-01-14 22:39:53,POS_Terminal,51.31,OVERHEAT,1,Overheat
10ebe689-c1a3-4f33-8080-4c5d99052b3c,CUST-4804,East,Store-006,Tablet,2,1871.15,3742.3,2023-01-02 18:20:20,POS_Terminal,23.52,OK,0,
ad1c8158-35a2-4fc1-bbc3-aff9d8380ca5,CUST-5742,East,Store-001,Headphones,5,1225.43,6127.15,2023-01-17 06:21:08,POS_Terminal,21.18,OK,0,
9fd9e202-ea4f-4b66-896f-4e774268257a,CUST-9590,South,Store-005,Printer,5,962.64,4813.2,2023-01-10 08:38:29,RFID_Scanner,20.31,OK,0,
26124358-c817-4549-9441-4942356f5a47,CUST-5215,West,Store-001,Smartwatch,3,1592.0,4776.0,2023-01-28 13:30:47,Temp_Sensor,23.3,OK,0,
3b4cc2db-430b-43a6-83e2-33faefadaeda,CUST-7643,South,Store-017,Headphones,1,831.62,831.62,2023-01-05 15:07:54,RFID_Scanner,24.87,OK,0,
88359c0b-3dd1-40f6-b448-dfec2ccfe29e,CUST-5064,East,Store-009,Tablet,2,921.13,1842.26,2023-01-13 23:04:15,POS_Terminal,20.11,OK,0,
4504dbc3-612e-4268-ad60-707580fa671b,CUST-1187,North,Store-012,Smartwatch,2,171.14,342.28,2023-01-06 17:44:30,POS_Terminal,20.15,OK,0,
58c04469-21bc-4c99-8f82-c7e3d97771a1,CUST-9233,North,Store-004,Smartwatch,3,766.71,2300.13,2023-01-11 17:18:28,RFID_Scanner,24.7,OK,0,
9316f789-a4c3-46d6-8ca7-b8c4991e5bd2,CUST-8454,North,Store-014,Smartwatch,5,1829.95,9149.75,2023-01-27 02:15:12,Temp_Sensor,23.78,OK,0,
29e9dcf5-4044-47d2-b656-401325b1754f,CUST-2341,South,Store-017,Smartwatch,3,202.3,606.9,2023-01-28 09:18:15,RFID_Scanner,18.43,OK,0,
923aa28e-33f2-49a5-9cac-24c00eaa391a,CUST-9281,West,Store-019,Camera,2,370.85,741.7,2023-01-26 06:14:30,POS_Terminal,18.81,OK,0,
af7e7594-22e0-44fa-9dbd-938749d1e33a,CUST-9008,East,Store-017,Tablet,1,934.19,0.0,2023-01-25 21:58:37,POS_Terminal,21.2,FAILED,1,Device_Failure
baf50602-3e1d-4bf9-be89-79e8f082a6eb,CUST-6049,East,Store-013,Headphones,1,1504.32,1504.32,2023-01-29 01:46:53,RFID_Scanner,18.32,OK,0,
1ad3b9cd-d60c-4ee7-8102-4a7cfb3dbdc2,CUST-2044,East,Store-003,Tablet,1,609.83,609.83,2023-01-09 17:41:36,RFID_Scanner,23.36,OK,0,
cb1bb356-74b9-430e-baa7-27eb4bf2a2b6,CUST-7887,North,Store-013,Tablet,4,782.51,3130.04,2023-01-27 04:19:49,RFID_Scanner,22.57,OK,0,
0a31b570-7980-40e9-9272-fefd2616ba4d,CUST-3924,South,Store-017,Mobile,2,1677.9,3355.8,2023-01-02 02:29:18,POS_Terminal,21.24,OK,0,
3cef103e-b695-4397-a772-17e32df7de87,CUST-7948,South,Store-008,Mobile,4,725.01,2900.04,2023-01-14 09:09:18,RFID_Scanner,24.56,OK,0,
d78c43f1-5c5d-4e29-83a0-0875daab469e,CUST-2848,East,Store-014,Camera,1,519.3,519.3,2023-01-04 06:23:58,RFID_Scanner,22.16,OK,0,
1a66946e-273b-46ee-aaf2-c269f4543f64,CUST-1797,West,Store-002,Tablet,4,506.96,2027.84,2023-01-11 13:08:13,RFID_Scanner,18.98,OK,0,
91e12c2b-f501-4c35-8ce4-cdf2d56f07d7,CUST-4836,North,Store-019,Camera,3,511.96,1535.88,2023-01-07 22:54:37,Temp_Sensor,21.65,OK,0,
7681d3ff-436b-4d41-9dcd-576f46d52d0b,CUST-5508,East,Store-018,Camera,2,1270.69,2541.38,2023-01-21 17:43:29,Temp_Sensor,21.47,OK,0,
d7596541-a25e-41e8-b16c-cdfd3e58ea9b,CUST-7244,North,Store-014,Tablet,2,634.78,1269.56,2023-01-09 22:14:04,Temp_Sensor,21.31,OK,0,
1f68af37-ca7c-4bd8-92ba-c0e38f02a9b7,CUST-5927,West,Store-015,Laptop,5,854.72,4273.6,2023-01-21 05:16:00,Temp_Sensor,21.71,OK,0,
4315a6c6-b4b1-4aaa-96e4-a3424d76d572,CUST-5177,West,Store-011,Smartwatch,1,1848.34,1848.34,2023-01-19 00:20:11,RFID_Scanner,21.75,OK,0,
916330f2-514c-459e-b2b7-9266cd345fea,CUST-1844,North,Store-013,Smartwatch,5,1225.7,6128.5,2023-01-04 12:47:59,RFID_Scanner,23.63,OK,0,
c7af659d-6e94-4e2a-a830-f852d1a3709d,CUST-4555,South,Store-007,Printer,3,641.22,1923.66,2023-01-01 17:51:54,RFID_Scanner,24.56,OK,0,
6d2ce8f7-61e9-4136-badd-752369091fff,CUST-2922,South,Store-008,Smartwatch,5,1422.35,7111.75,2023-01-20 06:06:35,RFID_Scanner,21.86,OK,0,
ae3ab461-9398-4afc-94fd-6b4e326f766c,CUST-7236,South,Store-018,Smartwatch,3,651.42,1954.26,2023-01-18 11:00:58,Temp_Sensor,24.18,OK,0,
9ff337f9-26d9-4ba5-8478-3d48b5d577a7,CUST-8692,North,Store-007,Headphones,12,857.16,10285.92,2023-01-28 07:23:19,RFID_Scanner,23.19,MISMATCH,1,RFID_Mismatch
e41d2e53-0636-4516-939c-966a0d6cbd61,CUST-7841,North,Store-005,Mobile,3,498.54,1495.62,2023-01-28 15:51:10,RFID_Scanner,21.5,OK,0,
f2db9a14-88d1-490a-b239-99e26d35294a,CUST-6530,North,Store-016,Smartwatch,4,948.62,3794.48,2023-01-18 02:18:53,RFID_Scanner,18.98,OK,0,
8687214f-d1cd-43aa-bc8d-5d973dda97d3,CUST-4015,East,Store-017,Laptop,1,1893.12,1893.12,2023-01-03 08:31:24,RFID_Scanner,20.89,OK,0,
44650c6d-b603-49a6-b1f6-cb8809c7bb92,CUST-4791,East,Store-005,Laptop,2,1036.18,2072.36,2023-01-19 02:48:37,RFID_Scanner,22.32,OK,0,
8699375d-c2eb-4c11-9d79-ab4084b8fa13,CUST-8916,South,Store-001,Laptop,5,1125.7,5628.5,2023-01-01 13:48:26,RFID_Scanner,21.71,OK,0,
ea9740aa-7eab-4b84-98a0-54625a534d17,CUST-5697,East,Store-017,Printer,4,1622.03,6488.12,2023-01-09 16:51:39,RFID_Scanner,24.43,OK,0,
54d0afa9-5560-47ae-93c9-eec41216a375,CUST-4948,West,Store-020,Camera,3,1639.67,4919.01,2023-01-13 23:27:21,POS_Terminal,18.55,OK,0,
e375c720-ed48-4111-b7f5-2a8c62eb3605,CUST-8520,West,Store-008,Headphones,1,1324.78,1324.78,2023-01-02 12:54:54,RFID_Scanner,20.84,OK,0,
fe25dc22-be21-4203-815c-00ed412a7a9e,CUST-8798,East,Store-001,Smartwatch,2,211.24,422.48,2023-01-22 01:32:28,Temp_Sensor,23.49,OK,0,
600a310f-f08f-4733-ab47-1fa4b07585d0,CUST-2562,East,Store-008,Mobile,5,977.23,4886.15,2023-01-03 06:14:55,RFID_Scanner,22.79,OK,0,
c8d9fc4a-ac07-4953-b675-383a6dc9a0b8,CUST-9897,East,Store-006,Printer,3,80.53,241.59,2023-01-11 01:21:24,Temp_Sensor,19.01,OK,0,
2b48b996-112b-4159-81c1-58fdd6442b2a,CUST-7525,East,Store-010,Mobile,5,518.92,2594.6,2023-01-19 21:24:01,Temp_Sensor,24.28,OK,0,
82cfdf75-c61c-4f1d-a9d2-181189f09877,CUST-3292,East,Store-017,Smartwatch,3,154.71,464.13,2023-01-22 05:14:41,RFID_Scanner,23.87,OK,0,
841fe7e4-041e-44c2-a442-3ceae5b126b9,CUST-7499,North,Store-001,Smartwatch,3,1577.92,4733.76,2023-01-22 20:55:44,POS_Terminal,19.6,OK,0,
00855224-2ed7-4527-bfb8-c8336be3c616,CUST-7150,South,Store-006,Smartwatch,5,1338.31,6691.55,2023-01-05 03:50:27,Temp_Sensor,20.07,OK,0,
333e7fed-1a38-4245-b946-ba63fe5072e2,CUST-2204,East,Store-009,Mobile,4,1437.77,5751.08,2023-01-08 11:44:44,Temp_Sensor,20.73,OK,0,
a9caae2e-41a9-477a-9bc2-14b17e08878e,CUST-2499,East,Store-010,Tablet,3,1534.63,4603.89,2023-01-05 23:06:29,RFID_Scanner,18.61,OK,0,
a5d489a7-b6d1-4443-aea8-519a75012c71,CUST-9395,South,Store-004,Laptop,1,740.13,740.13,2023-01-05 12:25:39,Temp_Sensor,22.19,OK,0,
95baa4da-ea37-4a35-bad0-73adb5477852,CUST-7311,East,Store-010,Tablet,4,1569.38,6277.52,2023-01-28 03:54:26,RFID_Scanner,22.0,OK,0,
99bb2b39-ebc5-4449-8a31-4442ef6e8c94,CUST-7237,West,Store-005,Headphones,3,573.39,1720.17,2023-01-08 02:01:35,RFID_Scanner,19.17,OK,0,
6ced611d-bde9-473e-99e3-878aeb31f3b4,CUST-5911,South,Store-003,Headphones,3,1891.23,5673.69,2023-01-25 01:39:06,Temp_Sensor,22.32,OK,0,
24557cee-1ca6-46a9-ba1f-ebabf8af755d,CUST-3219,North,Store-001,Tablet,3,1691.15,5073.45,2023-01-19 10:36:13,POS_Terminal,21.08,OK,0,
7af1398e-f68d-4f9a-b167-d56a59f13ea5,CUST-3230,North,Store-011,Camera,2,984.07,1968.14,2023-01-09 14:57:44,POS_Terminal,24.78,OK,0,
6e0add4d-edbd-4f26-b402-9b1f53320d7a,CUST-9044,West,Store-011,Tablet,3,1642.16,4926.48,2023-01-20 01:48:09,POS_Terminal,18.8,OK,0,
97ab392f-560d-47c3-bde4-7b3f236d83df,CUST-9939,West,Store-018,Laptop,4,1888.8,7555.2,2023-01-11 04:15:29,POS_Terminal,23.58,OK,0,
3c254066-8eb8-424d-8ad2-395fbe7a25b0,CUST-2133,South,Store-016,Mobile,3,521.94,1565.82,2023-01-08 11:35:23,Temp_Sensor,20.96,OK,0,
4c6b3135-ecb5-4973-b27a-fa201d372cd4,CUST-8357,South,Store-019,Tablet,5,1037.89,5189.45,2023-01-21 07:21:20,Temp_Sensor,18.26,OK,0,
1b45e20f-ee46-4c2e-a621-be454de72556,CUST-9796,East,Store-004,Printer,12,1332.32,15987.84,2023-01-18 05:36:54,RFID_Scanner,22.53,MISMATCH,1,RFID_Mismatch
1619a907-3158-4c33-adcb-9940ef6bd16f,CUST-7547,North,Store-014,Laptop,1,242.28,242.28,2023-01-11 18:39:00,Temp_Sensor,23.23,OK,0,
5d2f765b-e0fc-4737-9ac4-9113b672146f,CUST-4621,South,Store-012,Tablet,4,1556.07,6224.28,2023-01-29 13:45:25,Temp_Sensor,21.5,OK,0,
36d27816-44aa-41d4-9f91-6761ed3810dd,CUST-1402,South,Store-004,Headphones,4,1845.07,7380.28,2023-01-05 04:01:41,RFID_Scanner,23.82,OK,0,
6f56998b-ce4c-4b3b-bffe-3b3d17c7c317,CUST-6707,North,Store-011,Tablet,2,1066.17,2132.34,2023-01-17 21:47:57,POS_Terminal,18.68,OK,0,
12c5e9a0-2287-408f-a0ad-22d403929d24,CUST-8412,North,Store-003,Headphones,1,1629.86,1629.86,2023-01-06 14:05:02,RFID_Scanner,23.94,OK,0,
1437ef13-b270-4bd4-b9fc-62660f1d0579,CUST-3692,West,Store-017,Mobile,5,362.26,1811.3,2023-01-28 04:16:16,POS_Terminal,24.71,OK,0,
2f594e94-cfd8-4146-827d-962cf5aa0d73,CUST-7636,West,Store-006,Smartwatch,4,821.39,3285.56,2023-01-30 19:29:11,RFID_Scanner,21.15,OK,0,
f847056d-1b4f-4481-83fb-7452211189ed,CUST-1072,West,Store-007,Headphones,1,1175.83,1175.83,2023-01-27 01:31:15,RFID_Scanner,20.56,OK,0,
6d8607fe-2601-4b18-85f9-77c771a2aa5a,CUST-2867,North,Store-016,Camera,3,1214.09,3642.27,2023-01-30 16:13:33,POS_Terminal,22.11,OK,0,
e49c3145-7d9c-4506-b41f-1c4cb164d76c,CUST-8501,West,Store-010,Camera,5,215.27,1076.35,2023-01-07 12:03:37,POS_Terminal,18.83,OK,0,
4eb033c6-4b74-4fec-902a-2dcf6cfa198d,CUST-3999,North,Store-005,Camera,4,865.57,3462.28,2023-01-07 16:37:37,Temp_Sensor,20.69,OK,0,
52eab801-4331-402a-babb-e33f72088376,CUST-9804,West,Store-018,Mobile,4,613.23,2452.92,2023-01-10 01:59:08,POS_Terminal,23.89,OK,0,
c0ccc472-dc5c-4653-ab05-02d7c1c5989c,CUST-6882,East,Store-016,Mobile,2,1639.67,3279.34,2023-01-28 06:17:25,Temp_Sensor,22.57,OK,0,
8f7239e6-8d2b-479d-b588-c6855600f628,CUST-9056,South,Store-015,Tablet,2,211.21,422.42,2023-01-02 11:57:19,RFID_Scanner,20.04,OK,0,
8ec3cf86-568c-4293-9337-b2f9795ab6c4,CUST-9808,North,Store-006,Printer,4,1153.02,4612.08,2023-01-25 01:04:54,Temp_Sensor,21.58,OK,0,
c9058b7d-719e-47db-afc5-99f304c6b39c,CUST-5389,North,Store-018,Printer,1,1532.01,1532.01,2023-01-22 10:13:45,Temp_Sensor,19.53,OK,0,
c3c10e3c-71c1-4f10-88f7-e40ce240061a,CUST-5055,North,Store-002,Tablet,3,729.73,2189.19,2023-01-05 05:20:33,POS_Terminal,24.06,OK,0,
5e10dc2f-c4fb-4298-8e09-143bd3edc3e6,CUST-4882,West,Store-019,Smartwatch,3,1729.04,5187.12,2023-01-30 15:00:23,Temp_Sensor,21.0,OK,0,
576524b1-bdcd-404d-822c-1e6c700462d3,CUST-4385,West,Store-002,Camera,3,1087.95,3263.85,2023-01-29 23:23:22,Temp_Sensor,19.18,OK,0,
318fa5e2-3172-4476-83ff-14406ab9d80f,CUST-5794,North,Store-019,Headphones,5,1971.7,9858.5,2023-01-05 14:56:43,RFID_Scanner,24.74,OK,0,
a2ce29c2-e9fd-469c-a68d-3a7cabcf56eb,CUST-1971,North,Store-005,Smartwatch,2,536.87,1073.74,2023-01-16 15:16:11,RFID_Scanner,23.33,OK,0,
68359530-b6c5-4301-b12d-aa8d15a6b6e2,CUST-9019,West,Store-019,Smartwatch,3,1274.24,3822.72,2023-01-19 05:06:26,POS_Terminal,18.53,OK,0,
abd9907e-4a57-4a1b-bcf1-4e11fa697f73,CUST-2525,South,Store-017,Smartwatch,3,1404.67,4214.01,2023-01-18 21:59:56,POS_Terminal,24.65,OK,0,
f4199fd6-0d15-4e9c-a01c-1439fdc1f724,CUST-1040,East,Store-015,Smartwatch,3,1707.71,5123.13,2023-01-26 22:38:58,POS_Terminal,19.52,OK,0,
14ef8be5-c699-4cd4-b4bb-ee02588025a4,CUST-4470,South,Store-009,Headphones,3,708.62,2125.86,2023-01-29 01:20:29,RFID_Scanner,21.96,OK,0,
4b75f73d-81c0-4fb3-9f27-2f18af9ef960,CUST-6631,East,Store-002,Laptop,4,81.75,327.0,2023-01-08 16:03:50,POS_Terminal,21.2,OK,0,
21ec5d6e-3185-4779-a780-226881bb3f93,CUST-8009,West,Store-005,Smartwatch,3,360.01,1080.03,2023-01-14 07:15:20,RFID_Scanner,22.58,OK,0,
a11a27b3-4ac5-4f12-b936-c8997ec56512,CUST-7092,West,Store-002,Tablet,3,1465.68,4397.04,2023-01-12 08:47:50,POS_Terminal,22.59,OK,0,
a435ea6d-e8e8-46ab-92f5-5b232bd99006,CUST-1017,West,Store-016,Laptop,2,1207.68,0.0,2023-01-26 05:11:47,Temp_Sensor,21.12,FAILED,1,Device_Failure
504f77dc-7d74-4932-b85b-39af0b59ec58,CUST-2975,South,Store-005,Tablet,1,496.45,496.45,2023-01-05 08:04:41,Temp_Sensor,23.64,OK,0,
3bb2d341-5f75-4c14-94bc-5b361f4b93bb,CUST-7022,North,Store-005,Tablet,8,1301.07,10408.56,2023-01-07 22:26:09,RFID_Scanner,21.71,MISMATCH,1,RFID_Mismatch
cbd5060c-296e-4cbe-aded-568fd01e0ff9,CUST-8210,North,Store-007,Smartwatch,2,1843.79,3687.58,2023-01-30 21:46:50,Temp_Sensor,21.1,OK,0,
3c1b43e5-2cef-4be5-b107-3f7160b5a489,CUST-2646,West,Store-004,Camera,4,735.49,2941.96,2023-01-21 20:16:26,POS_Terminal,23.54,OK,0,
052c6767-d41d-48f6-b7b4-8de3bb88ef0a,CUST-2380,West,Store-018,Camera,5,1456.3,7281.5,2023-01-14 19:57:24,Temp_Sensor,18.19,OK,0,
5159eaf0-7cbd-4541-86a6-80e803b49bf0,CUST-5942,West,Store-017,Camera,5,417.86,2089.3,2023-01-20 00:25:22,POS_Terminal,22.52,OK,0,
a33380fb-c3cd-4963-957b-611b3cf31e7d,CUST-4921,South,Store-013,Laptop,2,1024.19,2048.38,2023-01-29 19:58:42,RFID_Scanner,21.7,OK,0,
75a683f2-72b8-4844-91ac-95c631179a41,CUST-6916,North,Store-005,Tablet,5,870.68,4353.4,2023-01-27 12:33:04,Temp_Sensor,19.21,OK,0,
6e67ea80-949d-4879-b98c-4b29db264a20,CUST-2195,East,Store-019,Laptop,1,561.26,561.26,2023-01-02 22:24:05,RFID_Scanner,24.64,OK,0,
f1b4f2b0-f696-47bb-8ac7-79091411642d,CUST-5693,South,Store-014,Smartwatch,4,210.73,842.92,2023-01-27 01:08:35,Temp_Sensor,22.31,OK,0,
a433ca88-3b0a-4837-a406-364e9ece8f7c,CUST-6077,East,Store-017,Mobile,2,1095.96,2191.92,2023-01-19 23:14:06,Temp_Sensor,22.44,OK,0,
9fa03ae6-db67-4314-b584-d4471bac08fe,CUST-2083,North,Store-014,Smartwatch,2,162.92,325.84,2023-01-05 04:26:42,POS_Terminal,18.81,OK,0,
73fe2b8b-27dc-4081-b9bd-636de811baa5,CUST-1901,North,Store-006,Laptop,1,1430.41,1430.41,2023-01-01 13:13:27,RFID_Scanner,21.47,OK,0,
27ecd6ee-9907-486f-bcbd-79336ee1b026,CUST-9474,North,Store-006,Headphones,2,1512.06,3024.12,2023-01-14 01:07:59,Temp_Sensor,24.2,OK,0,
a23db880-7e44-4636-af00-579e4eab6416,CUST-1480,North,Store-014,Headphones,5,174.55,872.75,2023-01-28 23:50:52,Temp_Sensor,18.54,OK,0,
6d43d8f4-1144-4041-a21f-10f2272628fa,CUST-6900,East,Store-016,Printer,5,375.42,1877.1,2023-01-08 15:16:45,POS_Terminal,23.41,OK,0,
27d72035-7a42-4de3-be68-8c141431b173,CUST-2889,West,Store-017,Laptop,1,1724.44,1724.44,2023-01-01 14:18:59,RFID_Scanner,18.32,OK,0,
3d337741-bc24-447f-9c44-d5f136716405,CUST-3458,West,Store-002,Camera,4,487.8,1951.2,2023-01-13 01:14:51,POS_Terminal,24.41,OK,0,
ddff8a5a-948f-4432-9244-2b4195f3b6af,CUST-2276,North,Store-004,Camera,1,399.72,0.0,2023-01-26 00:55:13,RFID_Scanner,24.68,FAILED,1,Device_Failure
dce482f1-d06b-4b09-aa41-181b6d47fc59,CUST-5625,North,Store-011,Laptop,5,940.66,4703.3,2023-01-18 21:49:19,RFID_Scanner,20.04,OK,0,
f1fab728-ee75-48bd-b127-6c15cd96e857,CUST-4974,South,Store-012,Camera,4,1995.68,7982.72,2023-01-10 11:41:01,Temp_Sensor,24.3,OK,0,
6e26ad79-94cb-40b5-932f-366336a8ac55,CUST-5016,West,Store-001,Tablet,1,504.35,504.35,2023-01-17 19:36:46,Temp_Sensor,23.88,OK,0,
cae0876c-ebc8-47be-9fe2-e2431bc1db84,CUST-6488,East,Store-013,Printer,3,252.7,758.1,2023-01-26 17:16:43,RFID_Scanner,20.94,OK,0,
2b5ff5ef-72fa-4aa5-b69a-c3a8860a0b66,CUST-3332,North,Store-003,Laptop,2,1799.71,3599.42,2023-01-26 05:33:48,POS_Terminal,22.91,OK,0,
8c743254-7426-4bfe-ac7d-4537f0f2768a,CUST-2391,East,Store-017,Mobile,4,195.92,783.68,2023-01-28 13:33:32,RFID_Scanner,21.04,OK,0,
e153198f-2256-4953-b0ce-7185a93ad843,CUST-4879,North,Store-009,Printer,3,1855.78,5567.34,2023-01-20 01:49:22,Temp_Sensor,23.82,OK,0,
eb71b220-3946-47b0-b8b1-c76584dd4cc1,CUST-8417,North,Store-008,Laptop,2,315.42,630.84,2023-01-29 09:14:03,RFID_Scanner,19.09,OK,0,
714fc61f-e4de-4a15-ab2d-c292d180d151,CUST-8635,North,Store-014,Laptop,5,748.66,3743.3,2023-01-11 01:54:49,POS_Terminal,20.16,OK,0,
1051a25a-16a6-41bd-b480-7a66d1204a68,CUST-2964,East,Store-006,Printer,3,1661.45,4984.35,2023-01-30 06:53:54,RFID_Scanner,19.51,OK,0,
d7b48af1-4256-4ff6-8007-04618f69278d,CUST-3430,East,Store-008,Headphones,4,1051.25,4205.0,2023-01-15 12:10:28,POS_Terminal,23.74,OK,0,
d003ce71-b649-434c-bc7f-5a227c0d22be,CUST-7625,South,Store-018,Smartwatch,5,537.21,2686.05,2023-01-23 10:19:09,RFID_Scanner,23.63,OK,0,
e6412c61-8dda-4a31-9357-686faed5466b,CUST-1195,East,Store-008,Mobile,2,1656.16,3312.32,2023-01-19 01:41:26,Temp_Sensor,22.41,OK,0,
6ca13c5b-1b5b-490b-a02c-23229d960cea,CUST-5240,East,Store-001,Laptop,2,1809.87,3619.74,2023-01-22 12:38:05,RFID_Scanner,18.64,OK,0,
fe2aa81a-67c0-448a-a342-60f2ad8ae936,CUST-6432,East,Store-002,Tablet,1,377.58,377.58,2023-01-28 20:37:24,POS_Terminal,23.75,OK,0,
d4d619e9-95fd-4c85-8796-7121de795a5a,CUST-1483,South,Store-014,Mobile,3,468.7,1406.1,2023-01-10 02:02:48,POS_Terminal,19.96,OK,0,
73747337-97c0-45fc-b0be-53774b9eef68,CUST-1567,West,Store-010,Tablet,4,1771.42,7085.68,2023-01-24 06:06:41,RFID_Scanner,18.61,OK,0,
1cf79783-775f-4d40-9e65-76e058583ae1,CUST-7868,West,Store-017,Mobile,5,1599.95,7999.75,2023-01-19 13:38:33,Temp_Sensor,20.51,OK,0,
1c11d43f-1ec8-4837-b742-4e68a67b250d,CUST-8940,North,Store-019,Camera,3,807.34,2422.02,2023-01-09 17:30:02,RFID_Scanner,20.23,OK,0,
e95e5dc8-e849-4d75-ac26-ecfbc8ed860d,CUST-5602,East,Store-016,Camera,3,1545.34,4636.02,2023-01-12 07:11:15,RFID_Scanner,18.7,OK,0,
9bafd0a0-1b33-4be9-9cf7-44c991ae64e8,CUST-5366,East,Store-008,Camera,4,741.87,2967.48,2023-01-09 10:23:21,RFID_Scanner,19.66,OK,0,
8f21b736-1cb8-464e-b1ee-9767b32961df,CUST-6878,East,Store-012,Camera,5,327.1,1635.5,2023-01-10 03:18:29,POS_Terminal,21.79,OK,0,
01935305-ef19-4755-a915-4c8fe39717ac,CUST-1621,East,Store-002,Mobile,5,476.68,2383.4,2023-01-26 13:21:25,POS_Terminal,18.0,OK,0,
10571e78-8651-4062-903e-cee458a4a960,CUST-4300,West,Store-011,Smartwatch,2,1841.62,3683.24,2023-01-16 17:00:29,RFID_Scanner,18.15,OK,0,
7457aaed-5371-4c44-863b-c7bd19fe48bd,CUST-3320,East,Store-017,Printer,3,1923.09,5769.27,2023-01-19 03:15:53,Temp_Sensor,24.59,OK,0,
71bffb39-3447-4339-87c7-3ab0a32101c7,CUST-2655,North,Store-010,Headphones,2,1952.93,3905.86,2023-01-22 04:59:18,Temp_Sensor,24.72,OK,0,
8ece6225-8e2b-4818-b0f5-b2e583fde446,CUST-3854,North,Store-008,Smartwatch,5,1638.19,8190.95,2023-01-19 08:50:57,POS_Terminal,23.14,OK,0,
bf1f011b-1731-45c1-bd6d-fc1ffe0148a3,CUST-3911,East,Store-019,Tablet,5,113.15,565.75,2023-01-30 05:50:01,POS_Terminal,24.45,OK,0,
cdfc32e4-114e-4907-b1cd-f1d6f5df562c,CUST-4619,East,Store-016,Mobile,3,1503.42,4510.26,2023-01-12 13:17:07,POS_Terminal,24.88,OK,0,
7fa8e328-2673-4698-a1a7-a6a431bcd887,CUST-2453,North,Store-015,Laptop,3,458.88,1376.64,2023-01-04 06:59:11,POS_Terminal,19.8,OK,0,
e8cf25fe-482f-4e89-87d9-4fca233ea399,CUST-1020,East,Store-013,Tablet,4,1939.75,7759.0,2023-01-21 02:22:02,POS_Terminal,24.17,OK,0,
83f1c000-5c6b-4339-9256-593fb6fb9de9,CUST-7149,East,Store-016,Printer,5,1319.39,6596.95,2023-01-11 22:49:22,RFID_Scanner,21.16,OK,0,
9cdb3815-2d53-4cdd-9c99-20db25e4bc2d,CUST-1547,North,Store-001,Headphones,3,1905.74,5717.22,2023-01-04 14:26:59,POS_Terminal,19.19,OK,0,
42c942e7-5cb2-4b4d-98da-075cfc86ac18,CUST-2228,East,Store-011,Camera,5,1791.79,8958.95,2023-01-02 12:06:34,POS_Terminal,24.6,OK,0,
461ecf82-9633-4bd5-b80b-780eed876b08,CUST-8113,West,Store-002,Laptop,3,450.82,1352.46,2023-01-10 05:20:51,POS_Terminal,22.88,OK,0,
d428cd75-9ca3-44c0-9d6c-36832e5b87a8,CUST-9849,North,Store-010,Headphones,2,237.04,474.08,2023-01-20 01:45:51,Temp_Sensor,21.85,OK,0,
7347d4d2-fbd9-4acb-bb0d-e3766935d0c2,CUST-1893,North,Store-001,Tablet,1,624.37,624.37,2023-01-30 03:18:06,POS_Terminal,50.95,OVERHEAT,1,Overheat
7e8e7095-ae8b-44ca-b31a-7e509c198105,CUST-2342,South,Store-004,Headphones,4,968.34,3873.36,2023-01-13 20:45:09,RFID_Scanner,22.49,OK,0,
2800cc8e-fd6b-4a3e-89a6-ae0235885d59,CUST-7078,South,Store-012,Mobile,4,137.0,548.0,2023-01-22 08:20:05,POS_Terminal,19.84,OK,0,
fe8c432a-06c7-41f4-a2e5-297d84411dbe,CUST-2009,West,Store-004,Laptop,3,1625.95,0.0,2023-01-21 02:19:45,Temp_Sensor,19.59,FAILED,1,Device_Failure
9dc9c6b9-1ed4-4209-9d5d-c152ba316789,CUST-9561,South,Store-018,Smartwatch,4,1166.79,4667.16,2023-01-12 10:32:34,POS_Terminal,20.09,OK,0,
bf35c308-8123-45d4-b997-8a5153855d12,CUST-1568,West,Store-004,Printer,4,387.11,1548.44,2023-01-09 02:45:39,RFID_Scanner,23.66,OK,0,
0d6ab50e-d64d-4332-b191-9d721814a6c2,CUST-7936,East,Store-014,Mobile,2,1676.51,3353.02,2023-01-13 12:27:33,POS_Terminal,24.38,OK,0,
c8547ad7-5012-4f6b-a137-285ee6c467a1,CUST-2097,East,Store-013,Camera,4,1126.51,4506.04,2023-01-14 09:47:50,Temp_Sensor,21.21,OK,0,
b2a226ef-f990-4bf7-8c2b-d2fa20fc1465,CUST-9561,South,Store-004,Tablet,2,338.99,677.98,2023-01-29 12:59:34,Temp_Sensor,23.31,OK,0,
30cf51df-920c-4700-a5bc-28709946f64a,CUST-2730,East,Store-010,Printer,5,1766.26,8831.3,2023-01-20 22:43:17,POS_Terminal,20.68,OK,0,
4705d3a8-06a7-4e7d-b948-c1f527151f11,CUST-8750,East,Store-006,Headphones,4,330.51,0.0,2023-01-30 13:08:05,Temp_Sensor,22.86,FAILED,1,Device_Failure
79db0bc2-c960-4143-b159-4d44a2510449,CUST-4892,East,Store-016,Headphones,3,89.45,268.35,2023-01-15 17:05:04,POS_Terminal,19.96,OK,0,
cd4288ba-59b0-40c7-ae65-cc6ea3b33c44,CUST-2609,West,Store-005,Headphones,4,1559.36,6237.44,2023-01-16 13:50:19,POS_Terminal,23.1,OK,0,
93516f66-1100-4ff0-8b6c-712ceae98965,CUST-2462,West,Store-015,Mobile,4,1494.84,5979.36,2023-01-26 01:46:03,POS_Terminal,23.75,OK,0,
ba8291c5-6b9c-47e6-a2b6-a45a7bf9f48d,CUST-3604,East,Store-010,Smartwatch,5,836.6,4183.0,2023-01-26 10:50:15,Temp_Sensor,18.2,OK,0,
6d960616-da23-42d7-ac70-2c73f1d5a274,CUST-4288,East,Store-008,Laptop,4,148.59,594.36,2023-01-18 11:52:02,Temp_Sensor,19.39,OK,0,
cfa6db1a-b4a8-482d-b328-7fbf6edcfe8f,CUST-8605,South,Store-004,Smartwatch,1,521.78,521.78,2023-01-24 17:28:40,Temp_Sensor,21.12,OK,0,
b9df6455-ec4a-4162-a87f-ad211dfd0857,CUST-8775,North,Store-012,Mobile,9,1510.47,13594.23,2023-01-05 09:18:51,POS_Terminal,18.19,MISMATCH,1,RFID_Mismatch
cfbfa6bf-b5ed-4e66-b718-215c2ee64904,CUST-4626,West,Store-007,Headphones,4,1050.9,4203.6,2023-01-01 10:22:00,POS_Terminal,24.38,OK,0,
9c45c853-6a9e-4460-961e-6ecad703a9d0,CUST-1138,West,Store-009,Camera,3,1439.84,4319.52,2023-01-14 08:50:21,POS_Terminal,24.27,OK,0,
89ae1f7b-164f-4793-8da8-cfe3640cc036,CUST-8520,North,Store-007,Tablet,3,1370.53,4111.59,2023-01-20 06:42:58,Temp_Sensor,18.72,OK,0,
70f0e513-3249-4f56-921e-026f28e4f2b8,CUST-7131,North,Store-010,Smartwatch,1,989.39,989.39,2023-01-17 07:47:55,POS_Terminal,22.48,OK,0,
eeb5814c-ba8c-4050-ba73-d44450ee353e,CUST-5278,North,Store-007,Mobile,5,1542.68,7713.4,2023-01-03 18:08:50,Temp_Sensor,20.83,OK,0,
5e8362d0-7493-4599-9100-7070905cd9fa,CUST-3292,East,Store-016,Headphones,3,1818.48,5455.44,2023-01-20 15:23:30,POS_Terminal,23.16,OK,0,
1d3d106e-56b7-46ef-934e-ede79c305766,CUST-4111,North,Store-008,Smartwatch,5,1294.71,6473.55,2023-01-24 02:16:18,Temp_Sensor,20.51,OK,0,
73e10a5d-a649-4682-9327-26fb632c117d,CUST-3785,West,Store-010,Laptop,4,299.49,1197.96,2023-01-13 13:21:04,Temp_Sensor,23.66,OK,0,
329e00a8-1aba-47a2-9d3f-22764bd5ef8e,CUST-3999,North,Store-003,Mobile,3,485.49,1456.47,2023-01-15 21:46:48,POS_Terminal,23.52,OK,0,
1a67b14c-4aac-408a-987b-bb736fedc671,CUST-5269,North,Store-015,Printer,1,967.55,967.55,2023-01-29 07:54:49,Temp_Sensor,47.51,OVERHEAT,1,Overheat
5025e8b4-3719-4fe7-8c9e-7c1a584c91ed,CUST-7253,North,Store-014,Laptop,2,317.86,635.72,2023-01-10 17:21:44,POS_Terminal,20.86,OK,0,
720cf9c9-e00b-4adc-8460-e0cc8fb0a4bb,CUST-8496,West,Store-011,Printer,2,1568.94,3137.88,2023-01-24 16:04:22,POS_Terminal,22.42,OK,0,
269f3f28-8ec5-4c16-8303-5254af47a0ce,CUST-1950,East,Store-015,Headphones,2,1534.33,3068.66,2023-01-09 04:26:23,Temp_Sensor,23.35,OK,0,
f947879e-a28a-426a-bab8-f615b6b718a3,CUST-2442,West,Store-020,Tablet,4,836.62,3346.48,2023-01-24 04:12:41,POS_Terminal,18.03,OK,0,
b864e30a-28c9-4e6a-8cc9-75c320efc8cf,CUST-7112,East,Store-011,Printer,5,421.62,2108.1,2023-01-01 04:48:16,Temp_Sensor,23.14,OK,0,
c3d85323-6b36-4f52-9f52-7824b039b9b9,CUST-6641,North,Store-005,Laptop,4,1031.51,0.0,2023-01-15 20:38:59,RFID_Scanner,18.46,FAILED,1,Device_Failure
17e7c47c-1f43-4a16-ad9e-eb69248e3848,CUST-8469,North,Store-014,Smartwatch,2,718.33,1436.66,2023-01-24 19:05:58,POS_Terminal,23.25,OK,0,
4e116285-853d-4244-a387-66abfbd62a3f,CUST-7609,East,Store-008,Mobile,2,461.82,923.64,2023-01-02 01:31:50,Temp_Sensor,21.53,OK,0,
050cef2f-e071-413a-9988-ba7baaa6d7fa,CUST-1612,South,Store-009,Printer,5,1265.11,6325.55,2023-01-29 19:58:18,RFID_Scanner,22.63,OK,0,
cb1a967f-d4bc-4125-be00-87cddd69bf2e,CUST-1323,East,Store-004,Tablet,4,791.49,3165.96,2023-01-27 13:37:48,POS_Terminal,21.32,OK,0,
a40cab59-d1b3-4bbb-8657-7d5410b09a20,CUST-1152,North,Store-014,Smartwatch,1,1341.84,1341.84,2023-01-14 02:32:46,Temp_Sensor,22.24,OK,0,
dcddc085-18b5-43d9-af29-350c0b3adbf3,CUST-2718,East,Store-010,Laptop,1,1020.59,1020.59,2023-01-30 13:32:18,RFID_Scanner,23.45,OK,0,
57218aa9-9ed4-4d35-b5bb-160424f189da,CUST-4304,North,Store-014,Headphones,2,126.84,253.68,2023-01-25 02:17:42,RFID_Scanner,22.82,OK,0,
28b37595-0556-42a9-8955-c671a9ff488a,CUST-4842,East,Store-001,Smartwatch,1,1818.42,1818.42,2023-01-28 20:56:11,Temp_Sensor,21.46,OK,0,
17d0c70a-d809-41ba-a1e0-2c4e27a0a389,CUST-9383,East,Store-004,Headphones,2,940.66,1881.32,2023-01-15 08:53:27,POS_Terminal,56.85,OVERHEAT,1,Overheat
69f8064c-fd9d-402a-84de-7665109febec,CUST-5760,North,Store-011,Tablet,1,235.25,235.25,2023-01-03 05:27:52,RFID_Scanner,23.96,OK,0,
2324d17b-da10-4ff8-96f8-bbc28f29d5cc,CUST-3793,North,Store-012,Tablet,5,573.2,2866.0,2023-01-05 12:17:46,POS_Terminal,23.7,OK,0,
d377c47c-4962-48f0-a6dc-ef3fe5d02a39,CUST-7566,South,Store-015,Headphones,4,1395.31,5581.24,2023-01-24 05:11:44,POS_Terminal,22.54,OK,0,
a85a074e-4934-44da-9b31-b4d1f7864d30,CUST-2852,West,Store-002,Printer,2,252.24,504.48,2023-01-29 16:16:26,POS_Terminal,23.62,OK,0,
52017d6c-9065-4b03-8705-e2c14b6ed991,CUST-3969,South,Store-012,Camera,1,1732.02,1732.02,2023-01-07 08:13:28,POS_Terminal,24.44,OK,0,
3a4f3b6d-d567-408f-8707-743457a24df8,CUST-7738,South,Store-002,Laptop,3,1327.2,3981.6,2023-01-01 14:24:02,Temp_Sensor,24.08,OK,0,
4240e780-c9b4-4527-89a9-323b87085357,CUST-4669,North,Store-017,Camera,5,235.72,1178.6,2023-01-13 01:36:47,POS_Terminal,20.42,OK,0,
2d8eb9af-aa2f-4ce7-8f78-ebf1b7884165,CUST-7305,West,Store-018,Camera,1,72.71,72.71,2023-01-08 14:50:01,Temp_Sensor,23.94,OK,0,
480fbbfb-62a7-4561-a639-09688a1f2698,CUST-3709,East,Store-016,Headphones,2,695.24,1390.48,2023-01-14 12:04:35,RFID_Scanner,21.55,OK,0,
104da17a-fdf7-414b-9c69-da4dfc01fbdb,CUST-7203,South,Store-008,Laptop,4,916.17,3664.68,2023-01-28 19:38:02,POS_Terminal,18.62,OK,0,
2bf454ac-5bf4-4be5-bb8d-0298be3c0158,CUST-6178,East,Store-016,Smartwatch,1,250.15,250.15,2023-01-21 00:24:33,RFID_Scanner,54.79,OVERHEAT,1,Overheat
e692ae30-7232-4544-8962-56c29169be9e,CUST-5990,West,Store-015,Headphones,3,1659.36,4978.08,2023-01-11 19:43:06,POS_Terminal,20.32,OK,0,
1c65380b-54c0-4bc0-9a48-991ff2b911ee,CUST-8751,North,Store-015,Laptop,1,1530.67,1530.67,2023-01-11 18:21:14,RFID_Scanner,20.39,OK,0,
cec621d9-ccc1-49d2-a4f3-98962e513d0d,CUST-5783,North,Store-004,Laptop,2,1010.22,2020.44,2023-01-20 20:45:54,RFID_Scanner,19.78,OK,0,
02bb36b3-8fed-4b0d-829b-f3d5bfaecc14,CUST-2978,South,Store-007,Tablet,2,1447.74,2895.48,2023-01-06 05:33:22,POS_Terminal,18.33,OK,0,
803d385b-1a2f-4805-bc4f-9403f62adadd,CUST-3018,South,Store-015,Smartwatch,5,1914.57,9572.85,2023-01-07 12:51:44,POS_Terminal,18.03,OK,0,
e712d1b4-104c-49e9-af7c-f3b57f716eee,CUST-8091,South,Store-017,Printer,2,1399.04,2798.08,2023-01-09 10:19:02,Temp_Sensor,23.71,OK,0,
0fd5aab3-0378-4ac1-a455-a2c1dc16d6a5,CUST-6273,South,Store-014,Camera,2,583.51,1167.02,2023-01-17 15:27:34,POS_Terminal,21.17,OK,0,
fd4e0f4b-6516-490a-9d84-9cba5981e06d,CUST-7762,North,Store-018,Printer,3,1438.15,4314.45,2023-01-27 20:58:09,Temp_Sensor,19.52,OK,0,
6009f2ad-90f5-451f-a210-883a595ab134,CUST-5760,North,Store-005,Smartwatch,2,1032.59,2065.18,2023-01-16 15:36:05,Temp_Sensor,18.81,OK,0,
f7a8474a-09d6-432e-a936-b5c5f2772b48,CUST-8870,South,Store-018,Headphones,4,1626.19,6504.76,2023-01-26 09:01:28,RFID_Scanner,18.18,OK,0,
d7998aea-6603-4b1f-8c59-f9dc1ae114d8,CUST-1927,West,Store-009,Printer,2,1967.89,3935.78,2023-01-13 03:55:29,RFID_Scanner,23.88,OK,0,
3e778c40-05df-4d86-a79f-63846e27ce50,CUST-5835,West,Store-018,Laptop,3,1637.35,4912.05,2023-01-05 23:23:52,Temp_Sensor,24.08,OK,0,
29545d3b-0892-41a7-b0e1-d4beede6c9c5,CUST-4675,South,Store-008,Camera,3,1401.23,4203.69,2023-01-03 06:44:07,POS_Terminal,20.71,OK,0,
8dd12be5-2078-4f36-ad6b-817a994257af,CUST-6122,East,Store-001,Smartwatch,3,446.02,1338.06,2023-01-22 12:12:24,RFID_Scanner,24.38,OK,0,
377bdfc9-901f-4eb5-9dbb-33a8ed275e4d,CUST-7025,West,Store-007,Headphones,4,395.98,1583.92,2023-01-04 14:45:45,RFID_Scanner,24.74,OK,0,
af381cd6-1d30-4a67-bdb4-f7477035c9f4,CUST-2955,South,Store-002,Tablet,3,1135.37,3406.11,2023-01-07 07:32:18,RFID_Scanner,22.09,OK,0,
5003d955-13d2-4e7f-9e54-315b2cb1313c,CUST-6415,South,Store-005,Laptop,2,1860.83,3721.66,2023-01-29 23:24:57,RFID_Scanner,23.42,OK,0,
4033c4be-ac8d-4729-9700-2ecf04e20290,CUST-5934,South,Store-019,Camera,3,192.12,576.36,2023-01-16 10:19:57,Temp_Sensor,19.54,OK,0,
168012ce-8db2-423b-b535-ea776e6a965e,CUST-2117,West,Store-014,Camera,5,836.66,4183.3,2023-01-17 23:05:02,RFID_Scanner,24.18,OK,0,
7644234d-4bbf-4ee6-a03c-88f352362b37,CUST-6424,North,Store-010,Mobile,5,1084.47,5422.35,2023-01-28 06:00:08,Temp_Sensor,18.06,OK,0,
9f271100-be88-4fad-a19e-b70e74a8c41a,CUST-8301,West,Store-020,Camera,2,1919.85,3839.7,2023-01-16 13:55:07,POS_Terminal,24.41,OK,0,
f69d491a-597f-46e3-bfe9-beb4d14bf14a,CUST-7322,North,Store-018,Smartwatch,3,98.18,294.54,2023-01-26 02:11:40,POS_Terminal,21.6,OK,0,
a6f67471-bee8-4cca-b2e3-ed7cf404cfe9,CUST-8975,East,Store-010,Smartwatch,2,674.61,1349.22,2023-01-04 23:56:21,RFID_Scanner,19.17,OK,0,
0dce0666-493a-41a7-9513-cc9a2c5b54e2,CUST-9814,East,Store-003,Mobile,2,1736.65,3473.3,2023-01-21 14:14:23,RFID_Scanner,19.44,OK,0,
2e3591f9-6111-4c87-a511-aeb292b99e3d,CUST-8130,East,Store-005,Laptop,4,1447.89,5791.56,2023-01-02 20:08:26,RFID_Scanner,18.51,OK,0,
3f265323-6483-4d95-8d20-bd43eaf65955,CUST-5127,East,Store-019,Printer,2,1826.42,3652.84,2023-01-20 18:55:35,POS_Terminal,21.16,OK,0,
ed5ac3b1-4fee-400b-b08a-3c6615ae62ed,CUST-6183,East,Store-013,Smartwatch,1,1092.93,1092.93,2023-01-04 01:40:37,Temp_Sensor,22.1,OK,0,
a5ef256d-5c7e-4898-af4e-52ce26556b24,CUST-2189,North,Store-017,Laptop,3,1584.44,4753.32,2023-01-15 15:05:56,Temp_Sensor,18.61,OK,0,
7742e977-8878-44b8-adbb-5db865b77417,CUST-8170,South,Store-013,Printer,1,974.28,974.28,2023-01-26 21:32:05,RFID_Scanner,18.95,OK,0,
d8dab9f7-8e1c-4d61-ae90-da78f3f52466,CUST-9941,North,Store-005,Headphones,3,1916.91,5750.73,2023-01-01 12:59:27,Temp_Sensor,24.12,OK,0,
3db0f078-28fa-4b26-b3b2-3202a69354b7,CUST-1684,East,Store-019,Camera,4,1097.45,4389.8,2023-01-05 03:10:47,POS_Terminal,19.47,OK,0,
e16a37d0-f104-4475-85b4-1497fe284955,CUST-6633,West,Store-014,Smartwatch,5,327.79,1638.95,2023-01-09 22:22:01,RFID_Scanner,22.32,OK,0,
7422437a-1c2a-411e-a9f5-677e7c7ecd04,CUST-2877,West,Store-019,Printer,6,1710.21,10261.26,2023-01-27 15:27:28,POS_Terminal,22.51,MISMATCH,1,RFID_Mismatch
ad6074f9-4e9a-4ad6-b406-92f870f19573,CUST-5107,East,Store-007,Smartwatch,5,1000.02,5000.1,2023-01-17 01:28:09,POS_Terminal,18.9,OK,0,
8ce77ab9-6258-4787-a823-f92211a0f098,CUST-2639,North,Store-020,Laptop,2,669.68,1339.36,2023-01-22 21:02:26,POS_Terminal,22.31,OK,0,
2d298066-bd62-4f97-9ec4-9e87f2f313d7,CUST-3496,North,Store-011,Tablet,2,59.42,118.84,2023-01-12 22:48:53,RFID_Scanner,22.99,OK,0,
296e4681-6a00-4282-9413-b94d8b9338ed,CUST-5533,North,Store-005,Smartwatch,3,1761.88,5285.64,2023-01-23 11:15:26,POS_Terminal,20.51,OK,0,
ced8fbf7-2925-48d7-a4c0-50d8c00456f4,CUST-2783,West,Store-020,Laptop,3,1724.49,5173.47,2023-01-07 19:06:49,Temp_Sensor,19.38,OK,0,
44fab579-16c0-4b52-a400-42e3c5c427e4,CUST-2252,East,Store-001,Printer,5,1281.67,6408.35,2023-01-29 05:57:05,Temp_Sensor,20.84,OK,0,
94e76829-74d9-4daf-99e3-e6498dd54058,CUST-1600,North,Store-018,Camera,4,1325.12,5300.48,2023-01-08 05:10:11,POS_Terminal,20.75,OK,0,
d69866c9-da63-47e4-a8b8-c1fa219f4a43,CUST-5767,West,Store-015,Camera,5,226.58,1132.9,2023-01-18 15:56:02,Temp_Sensor,18.07,OK,0,
9de32fb8-84e0-4b1d-818d-afd06b5ed9db,CUST-3717,West,Store-015,Mobile,2,1154.4,2308.8,2023-01-28 11:13:09,Temp_Sensor,24.11,OK,0,
cb9d413e-1be2-46b6-9cbc-c81b1b89d06c,CUST-8921,North,Store-002,Mobile,4,501.91,2007.64,2023-01-13 19:59:54,POS_Terminal,19.64,OK,0,
67d0ad19-34d0-42f3-8fed-5ac90cca5649,CUST-9485,North,Store-013,Tablet,4,1769.03,7076.12,2023-01-02 22:29:32,Temp_Sensor,20.27,OK,0,
d55935e7-30c6-4004-87cc-6ffcd9e516c1,CUST-9542,North,Store-009,Camera,5,1161.81,5809.05,2023-01-19 06:50:24,Temp_Sensor,20.65,OK,0,
c0035703-b6bf-4107-a082-a12101d4c172,CUST-2275,North,Store-013,Mobile,5,841.39,4206.95,2023-01-17 17:59:30,POS_Terminal,23.55,OK,0,
ac8daeaa-2e5a-4a7c-b980-4b162b5a776e,CUST-1108,West,Store-015,Mobile,2,200.32,400.64,2023-01-14 15:10:00,RFID_Scanner,19.05,OK,0,
90a7abad-927d-48f3-98fa-2b708adc89cb,CUST-2938,West,Store-014,Printer,3,1454.5,4363.5,2023-01-24 09:00:27,Temp_Sensor,21.35,OK,0,
9bece4b1-376f-4d80-9e12-52497074fdb8,CUST-3641,South,Store-001,Mobile,1,299.38,299.38,2023-01-29 18:08:06,RFID_Scanner,18.94,OK,0,
f8b55921-a76b-4b66-a51f-c9fab136b0a8,CUST-3406,East,Store-006,Headphones,2,1057.45,2114.9,2023-01-20 16:23:27,Temp_Sensor,24.78,OK,0,
f386cdac-6403-4be4-81ed-caa89abb248e,CUST-5644,East,Store-007,Tablet,5,1985.91,9929.55,2023-01-24 09:11:03,RFID_Scanner,19.54,OK,0,
9b57448f-0ed5-4e7e-897c-9693cbbc2e21,CUST-3338,West,Store-020,Smartwatch,5,565.82,0.0,2023-01-17 15:14:27,POS_Terminal,22.18,FAILED,1,Device_Failure
f399b6ae-4d99-4c87-8e27-638f93cbbe8d,CUST-7315,West,Store-004,Laptop,2,1069.29,2138.58,2023-01-25 11:37:17,Temp_Sensor,20.94,OK,0,
f08323bd-292a-4055-85da-31932cd1cd89,CUST-2577,West,Store-016,Camera,11,126.12,1387.32,2023-01-26 19:09:38,Temp_Sensor,23.27,MISMATCH,1,RFID_Mismatch
b6d77bd6-b4aa-40ff-9af0-99193c59a009,CUST-9835,East,Store-014,Camera,4,772.24,3088.96,2023-01-03 02:36:33,Temp_Sensor,21.71,OK,0,
4c0623ab-fe7c-4ccd-83c2-534e69aacaf5,CUST-8899,South,Store-012,Camera,5,240.55,1202.75,2023-01-07 11:59:06,POS_Terminal,21.34,OK,0,
91f42069-91ca-4b99-801d-cd38085c8aab,CUST-2373,North,Store-020,Camera,9,552.72,4974.48,2023-01-01 06:22:20,Temp_Sensor,23.21,MISMATCH,1,RFID_Mismatch
50489676-9111-4f66-bdaa-f2f15beba858,CUST-9515,East,Store-013,Smartwatch,2,1391.15,2782.3,2023-01-16 08:03:07,POS_Terminal,20.54,OK,0,
6845cf38-ff2c-4a0d-8ff7-b9b41f8ca6a8,CUST-5155,North,Store-018,Tablet,5,763.01,3815.05,2023-01-14 09:03:04,Temp_Sensor,20.78,OK,0,
d113f987-7173-4dbf-a1be-f32d7920d478,CUST-8904,West,Store-012,Camera,5,993.33,4966.65,2023-01-15 21:16:36,Temp_Sensor,20.41,OK,0,
6ada636a-53cb-495c-a87b-fae09aecdcb7,CUST-3262,East,Store-008,Tablet,2,245.54,491.08,2023-01-25 16:15:47,POS_Terminal,23.5,OK,0,
6aaf62d5-638f-4576-b08a-7052325800b0,CUST-1852,West,Store-013,Smartwatch,1,1618.52,1618.52,2023-01-08 01:19:11,POS_Terminal,24.48,OK,0,
78a673ea-2532-4ea2-bda9-1df15ece446c,CUST-2049,North,Store-008,Headphones,1,1237.61,1237.61,2023-01-19 15:46:20,POS_Terminal,22.3,OK,0,
bf964c30-77bc-4552-8b98-19767bf9e505,CUST-1941,West,Store-016,Tablet,1,443.33,443.33,2023-01-26 03:41:32,POS_Terminal,19.36,OK,0,
96af0d40-093d-4f20-89ed-49b23e469436,CUST-9364,West,Store-020,Mobile,1,751.49,751.49,2023-01-01 00:20:04,RFID_Scanner,18.61,OK,0,
37d2f4d7-6df1-441a-8c44-30c8e163bd90,CUST-7544,North,Store-013,Tablet,5,440.61,2203.05,2023-01-01 17:54:11,Temp_Sensor,22.93,OK,0,
9edf67e7-f737-40fe-95c2-f817f69ba960,CUST-5661,North,Store-012,Printer,3,491.28,1473.84,2023-01-10 10:38:17,POS_Terminal,24.51,OK,0,
f04adeae-902f-4a55-b555-e418acd3a9ec,CUST-5277,West,Store-014,Camera,1,1139.33,1139.33,2023-01-25 10:14:04,POS_Terminal,20.38,OK,0,
6d43439c-3e8a-4f22-8856-35048e148324,CUST-9409,North,Store-018,Printer,5,537.78,2688.9,2023-01-22 11:51:46,POS_Terminal,21.94,OK,0,
a67c616e-259b-46b3-936d-bb583e72363b,CUST-6565,South,Store-015,Camera,1,989.84,989.84,2023-01-13 12:22:54,RFID_Scanner,20.68,OK,0,
2fee1eea-db22-4c80-8f50-dbe119400f20,CUST-4610,West,Store-011,Tablet,3,1057.18,3171.54,2023-01-01 11:19:42,Temp_Sensor,23.83,OK,0,
640ad8ca-7bed-445d-b3a4-8c36839b5d8b,CUST-2523,South,Store-011,Laptop,5,1866.22,9331.1,2023-01-24 03:13:38,POS_Terminal,20.47,OK,0,
16351963-519b-4787-bc06-05f1cd1b0b96,CUST-5408,West,Store-007,Tablet,2,507.98,1015.96,2023-01-12 18:00:58,POS_Terminal,19.45,OK,0,
b8c2f236-71d3-458c-b102-15505047d34d,CUST-5091,North,Store-005,Printer,1,283.76,283.76,2023-01-04 19:26:40,Temp_Sensor,24.69,OK,0,
72653712-8871-478c-bf2a-4e06b49a533d,CUST-1108,East,Store-016,Headphones,5,665.06,3325.3,2023-01-28 21:21:48,POS_Terminal,21.44,OK,0,
c1041bca-a4f9-4e7a-b29f-851f3c819322,CUST-9374,North,Store-013,Mobile,5,300.08,1500.4,2023-01-26 12:31:34,POS_Terminal,21.35,OK,0,
10c5672e-dc49-49cb-98ee-9de3a0eccd98,CUST-9232,North,Store-013,Printer,2,941.53,1883.06,2023-01-06 20:14:20,Temp_Sensor,21.63,OK,0,
6af7938b-0e83-4a35-b3ce-5a5970fac3f8,CUST-1137,East,Store-007,Tablet,5,246.46,1232.3,2023-01-18 13:17:50,Temp_Sensor,24.03,OK,0,
19d6221b-f32f-45eb-a4a3-3d75f8436fd3,CUST-5306,West,Store-009,Tablet,5,719.04,3595.2,2023-01-09 22:16:29,POS_Terminal,20.97,OK,0,
ccabbee2-8cd7-494a-973f-334218649d67,CUST-7099,North,Store-013,Headphones,4,400.78,1603.12,2023-01-07 08:47:17,Temp_Sensor,22.8,OK,0,
08369872-4a12-4422-9c61-811f643bae34,CUST-5422,West,Store-018,Tablet,4,432.32,1729.28,2023-01-08 06:14:10,POS_Terminal,23.64,OK,0,
ab3e0398-bb71-469b-a9d6-11926f797666,CUST-9185,West,Store-017,Camera,3,1581.4,4744.2,2023-01-15 13:33:54,POS_Terminal,21.93,OK,0,
c0b94399-6a5e-4b14-bce9-6fc7533a57cb,CUST-7527,East,Store-006,Laptop,2,1636.95,3273.9,2023-01-24 03:12:31,Temp_Sensor,18.67,OK,0,
edf0d003-a783-47e6-aeca-d4185f4ac9c8,CUST-5256,North,Store-012,Camera,5,1867.1,9335.5,2023-01-13 12:15:34,POS_Terminal,18.14,OK,0,
ebd59589-b152-418f-9666-ac51b7f77e61,CUST-4259,West,Store-010,Headphones,10,1362.73,13627.3,2023-01-24 15:58:16,Temp_Sensor,21.13,MISMATCH,1,RFID_Mismatch
6c53f69e-31fa-487a-abb8-098e622376e8,CUST-8598,West,Store-006,Smartwatch,3,872.54,2617.62,2023-01-30 17:23:34,Temp_Sensor,20.83,OK,0,
a36606e9-87d4-41ef-a046-797d450b2693,CUST-2296,West,Store-011,Mobile,3,667.91,2003.73,2023-01-15 03:27:17,Temp_Sensor,19.87,OK,0,
28380813-7a4d-410e-830b-975466a57e90,CUST-5444,South,Store-012,Smartwatch,5,1065.82,5329.1,2023-01-22 20:37:27,POS_Terminal,19.17,OK,0,
eed37f28-9756-438c-bb4c-f13d6bd7299f,CUST-3048,West,Store-009,Smartwatch,1,460.61,460.61,2023-01-20 06:35:29,RFID_Scanner,18.67,OK,0,
6ad087c8-2fd7-4aa8-b4f2-f0b4735c7238,CUST-8752,East,Store-001,Printer,4,1071.77,4287.08,2023-01-05 00:59:40,RFID_Scanner,19.84,OK,0,
35a53fda-cd77-4f40-a2ee-7d2fea091134,CUST-7387,North,Store-008,Mobile,3,914.16,2742.48,2023-01-07 03:16:49,RFID_Scanner,21.69,OK,0,
c6887a4d-cf85-4e9d-ab23-562d136c8368,CUST-1575,North,Store-011,Printer,4,961.03,3844.12,2023-01-27 05:49:34,POS_Terminal,21.84,OK,0,
c054568c-112f-4de8-bc14-097d1a2d3d62,CUST-9835,West,Store-019,Camera,4,1280.54,5122.16,2023-01-28 09:05:22,POS_Terminal,21.66,OK,0,
660cf7a1-896a-444f-8661-fa4d70125de5,CUST-6073,North,Store-016,Camera,2,1619.18,3238.36,2023-01-22 10:48:16,POS_Terminal,20.56,OK,0,
cb05a7bd-0763-449b-8b69-c6cef3da5ea9,CUST-5973,East,Store-001,Camera,2,720.58,1441.16,2023-01-23 18:39:18,Temp_Sensor,18.06,OK,0,
327fc0ea-4b75-4592-b6b6-c859d34a015d,CUST-8816,North,Store-001,Printer,4,1606.03,6424.12,2023-01-29 23:33:35,RFID_Scanner,23.58,OK,0,
c27b83c9-eac1-4d12-94f4-918ea801dd62,CUST-4089,South,Store-018,Tablet,10,537.3,5373.0,2023-01-19 22:03:37,POS_Terminal,19.54,MISMATCH,1,RFID_Mismatch
20146e1b-697c-454c-b990-fff27081a669,CUST-9464,North,Store-010,Smartwatch,5,1627.18,8135.9,2023-01-21 01:04:04,RFID_Scanner,23.97,OK,0,
a2f17b70-e6c7-44b3-81fb-54fd9e6fbfb9,CUST-5744,East,Store-015,Camera,4,580.66,2322.64,2023-01-24 21:13:00,RFID_Scanner,20.24,OK,0,
b2174dde-6faa-41c5-8f2c-7271b0972944,CUST-9764,East,Store-006,Laptop,3,574.93,1724.79,2023-01-22 06:47:32,Temp_Sensor,47.34,OVERHEAT,1,Overheat
7ca6e5e1-af12-4e23-a89e-151f524a4036,CUST-6601,South,Store-010,Printer,4,1996.03,7984.12,2023-01-23 12:13:53,Temp_Sensor,23.54,OK,0,
6b66c02d-ff4e-4ec5-bfd5-f44e5e2f1f5c,CUST-3393,East,Store-009,Printer,4,189.2,756.8,2023-01-23 19:45:38,RFID_Scanner,19.35,OK,0,
6b4a8fc7-b1e7-48bc-a13e-a7e3e9ea8bb9,CUST-7251,East,Store-004,Printer,2,800.36,0.0,2023-01-22 12:05:12,RFID_Scanner,23.16,FAILED,1,Device_Failure
51265834-6f22-45be-84bf-dc09f4a846c8,CUST-2539,West,Store-016,Tablet,3,1875.62,5626.86,2023-01-08 16:47:44,Temp_Sensor,23.1,OK,0,
96fad14e-3b65-4ac2-a6fc-51e1191adecb,CUST-9534,East,Store-009,Tablet,3,437.51,1312.53,2023-01-03 12:41:10,Temp_Sensor,19.52,OK,0,
5198c876-4482-44d9-b4b0-23451ae17cfa,CUST-8113,North,Store-001,Mobile,11,1190.16,13091.76,2023-01-20 05:09:00,RFID_Scanner,18.06,MISMATCH,1,RFID_Mismatch
814cbcf3-89c1-4575-aef1-416a2857cacb,CUST-3539,North,Store-003,Mobile,2,1024.84,2049.68,2023-01-17 10:17:25,Temp_Sensor,18.42,OK,0,
2ab65ba8-f1aa-4c5e-8eb9-4270b02446f6,CUST-3521,East,Store-005,Tablet,2,667.64,1335.28,2023-01-28 02:31:31,Temp_Sensor,23.3,OK,0,
2127b1cb-ece8-403f-834f-22d85638c82e,CUST-8187,West,Store-001,Smartwatch,4,748.43,2993.72,2023-01-07 12:58:27,POS_Terminal,24.29,OK,0,
f7a6956f-002d-4db3-82fb-3610ca14b5f6,CUST-8168,North,Store-018,Smartwatch,4,420.06,1680.24,2023-01-10 01:26:09,Temp_Sensor,20.43,OK,0,
13895934-ca6f-4bdc-b0df-7e017fe9ef38,CUST-5510,West,Store-003,Camera,11,926.3,10189.3,2023-01-13 18:49:26,Temp_Sensor,20.57,MISMATCH,1,RFID_Mismatch
100c8d3b-ab4a-42b1-89d7-fa91e8ba79aa,CUST-7210,West,Store-001,Camera,3,1563.23,4689.69,2023-01-12 14:12:23,POS_Terminal,23.05,OK,0,
9a7a13ef-cd33-4a8e-9f94-c582f9f2168f,CUST-9830,South,Store-007,Camera,4,1543.18,6172.72,2023-01-08 11:34:34,Temp_Sensor,19.98,OK,0,
ae221473-a2f1-439d-be2c-0b2e281b0e2c,CUST-6276,East,Store-004,Camera,1,135.37,135.37,2023-01-07 07:11:52,RFID_Scanner,24.11,OK,0,
e3f36cd4-a6e7-455d-a158-217a2fb3a2be,CUST-8952,West,Store-004,Laptop,5,1301.42,6507.1,2023-01-19 20:45:01,Temp_Sensor,21.43,OK,0,
dde04f02-71b4-4cf6-97c7-f71edef6cf6e,CUST-5193,East,Store-012,Mobile,5,1449.8,7249.0,2023-01-01 15:14:47,RFID_Scanner,22.59,OK,0,
a7bb705e-96a4-46d5-81f2-0f46f45ec6d4,CUST-2310,South,Store-002,Headphones,12,1499.78,17997.36,2023-01-21 04:37:14,POS_Terminal,23.56,MISMATCH,1,RFID_Mismatch
2260c4a5-cf3b-4183-8556-5516c2b26489,CUST-9667,East,Store-003,Printer,3,201.97,605.91,2023-01-11 11:32:30,Temp_Sensor,18.68,OK,0,
c20eee59-86ac-4d59-8925-3335c9c6791a,CUST-9710,South,Store-007,Mobile,5,1330.91,6654.55,2023-01-28 16:07:49,Temp_Sensor,24.63,OK,0,
56f927e1-2d52-460a-9227-b1497fd1f453,CUST-7802,East,Store-019,Headphones,4,1419.97,5679.88,2023-01-21 17:34:42,RFID_Scanner,19.17,OK,0,
0d179278-da41-48c7-827a-e651bbb8d8bc,CUST-7579,North,Store-006,Camera,5,913.87,4569.35,2023-01-18 02:29:14,POS_Terminal,21.85,OK,0,
d1a53373-fe71-4241-976e-fe3027572e23,CUST-7090,South,Store-014,Printer,3,1236.41,3709.23,2023-01-28 08:06:40,Temp_Sensor,19.5,OK,0,
5cd7b91e-c1f6-48fc-aede-01f2e877892c,CUST-5162,North,Store-015,Tablet,4,50.38,201.52,2023-01-02 16:23:06,POS_Terminal,22.17,OK,0,
f2788f56-88b6-4bdd-92de-af6c87d9baf2,CUST-5945,East,Store-010,Mobile,2,1718.65,3437.3,2023-01-02 01:17:02,Temp_Sensor,23.76,OK,0,
f16473cb-66cc-48a3-9ab7-a75eabc6172d,CUST-9376,West,Store-004,Laptop,4,743.53,2974.12,2023-01-07 17:15:26,POS_Terminal,20.57,OK,0,
da83efbd-d50d-4dfc-b0f8-41e7fd6c76d8,CUST-4817,North,Store-010,Laptop,5,829.61,4148.05,2023-01-11 13:19:58,Temp_Sensor,18.54,OK,0,
81599b8d-bcb8-487d-8e49-6b2fbbbb177f,CUST-8905,West,Store-016,Printer,13,1648.05,21424.65,2023-01-05 15:06:25,Temp_Sensor,22.5,MISMATCH,1,RFID_Mismatch
04bbd3bf-277a-4217-b5bf-fa43b4194659,CUST-2285,East,Store-011,Headphones,4,862.22,3448.88,2023-01-06 20:26:23,RFID_Scanner,23.23,OK,0,
a4b4fab5-9693-42fc-8164-2350b0901834,CUST-1187,South,Store-002,Headphones,5,130.31,651.55,2023-01-27 05:03:49,Temp_Sensor,19.05,OK,0,
420f6ac9-07cf-497e-b4ff-6b4dc06bc465,CUST-4617,West,Store-002,Smartwatch,4,1943.53,7774.12,2023-01-29 21:22:45,Temp_Sensor,21.53,OK,0,
30e23af8-af94-450d-9b4e-5f65efe34592,CUST-5747,South,Store-005,Mobile,3,210.96,632.88,2023-01-28 17:46:35,Temp_Sensor,18.35,OK,0,
6ea33541-e1e1-48be-aab5-9713fa9a583d,CUST-2393,South,Store-017,Tablet,2,1535.96,3071.92,2023-01-24 08:18:55,Temp_Sensor,19.39,OK,0,
bb24c5c7-76fb-474a-8d68-154e83a29c75,CUST-4212,West,Store-008,Laptop,11,1564.71,17211.81,2023-01-16 16:48:06,Temp_Sensor,24.47,MISMATCH,1,RFID_Mismatch
cc1bb418-c754-49b5-9969-6d88c6d7fbb3,CUST-7939,North,Store-012,Mobile,3,721.82,2165.46,2023-01-02 04:12:10,POS_Terminal,19.18,OK,0,
94b8a59d-c0a8-4f9b-b936-d7214eacb4f2,CUST-8245,West,Store-015,Laptop,2,439.39,878.78,2023-01-19 03:31:58,RFID_Scanner,23.3,OK,0,
3a8e700c-6ed2-4de6-84c9-45d456aab7d7,CUST-2841,East,Store-008,Camera,2,1744.07,3488.14,2023-01-14 23:10:38,RFID_Scanner,20.4,OK,0,
bcafbc7f-2cf0-4060-bbca-3005d0b63105,CUST-5999,South,Store-016,Laptop,3,457.57,1372.71,2023-01-27 02:49:18,RFID_Scanner,19.43,OK,0,
b974addd-8bb6-4957-8990-68fea3791eb9,CUST-5237,South,Store-020,Smartwatch,2,1405.39,2810.78,2023-01-01 21:25:27,POS_Terminal,22.08,OK,0,
8e1f3799-673a-4a19-9d35-54ba143955a8,CUST-1712,North,Store-006,Laptop,3,441.36,1324.08,2023-01-30 23:58:52,POS_Terminal,18.37,OK,0,
ba310a0f-2960-4b6b-8675-01e2fd17bd69,CUST-1136,East,Store-013,Smartwatch,3,1342.81,4028.43,2023-01-18 11:41:08,RFID_Scanner,18.13,OK,0,
19a17717-a7e7-467a-9c48-7abcf74813bb,CUST-7332,West,Store-013,Camera,1,1812.55,1812.55,2023-01-24 12:40:20,Temp_Sensor,21.72,OK,0,
df118bdd-ce01-4c97-b954-c28985f3b426,CUST-9202,South,Store-018,Smartwatch,1,127.52,127.52,2023-01-26 16:48:48,POS_Terminal,20.33,OK,0,
a474d5fb-5ede-4668-9448-23058c08be78,CUST-3572,East,Store-012,Smartwatch,3,742.99,2228.97,2023-01-15 16:14:08,RFID_Scanner,24.97,OK,0,
62f3d866-820c-4d85-b057-5fe7ba095217,CUST-5519,East,Store-009,Tablet,1,1891.07,1891.07,2023-01-14 14:26:58,RFID_Scanner,19.06,OK,0,
ff0315c4-5f51-4e5e-8e91-a17b1bb2f598,CUST-3248,East,Store-013,Camera,5,1751.77,8758.85,2023-01-12 00:58:22,POS_Terminal,19.68,OK,0,
170b1b5f-5f34-40da-a8dc-a8e608240d7c,CUST-6118,North,Store-015,Camera,2,453.18,906.36,2023-01-07 17:27:12,Temp_Sensor,21.79,OK,0,
f91931df-d80d-4266-9286-55e3f3b29006,CUST-3262,North,Store-017,Mobile,4,1991.59,7966.36,2023-01-08 01:06:53,Temp_Sensor,24.53,OK,0,
1ccbff35-2f40-48ba-b91e-ca7bd182c3f8,CUST-6201,East,Store-018,Camera,1,409.06,409.06,2023-01-08 01:32:46,Temp_Sensor,18.21,OK,0,
3b7ac620-d418-45e2-bd7d-970d7b0cc691,CUST-7783,South,Store-010,Tablet,12,346.32,4155.84,2023-01-10 02:57:30,RFID_Scanner,18.92,MISMATCH,1,RFID_Mismatch
1fd77a9d-b866-4621-ae8a-aa66e2c9c3b2,CUST-5372,West,Store-020,Mobile,2,1390.39,2780.78,2023-01-18 10:34:11,RFID_Scanner,22.82,OK,0,
88442d91-0e4c-42a5-9e51-9de2753d33c6,CUST-9230,South,Store-012,Mobile,4,1008.32,4033.28,2023-01-07 16:12:50,RFID_Scanner,58.14,OVERHEAT,1,Overheat
5d68fa9b-f9d1-4a93-adfa-9df8241f93d6,CUST-7767,West,Store-007,Printer,2,178.97,357.94,2023-01-22 07:48:15,Temp_Sensor,21.43,OK,0,
9265ca7c-23aa-4e0b-9baf-5d9777f90bef,CUST-8496,West,Store-014,Tablet,1,1235.46,1235.46,2023-01-19 11:10:04,Temp_Sensor,20.19,OK,0,
7e0b6400-c6e9-45c7-ae03-4cd19d1f9322,CUST-9784,East,Store-017,Laptop,4,940.96,3763.84,2023-01-03 01:25:05,RFID_Scanner,21.63,OK,0,
da833117-5457-42c7-bab1-1da34555d97b,CUST-1643,South,Store-017,Printer,1,420.21,420.21,2023-01-22 08:07:02,POS_Terminal,24.19,OK,0,
510e682a-bbda-4624-b48f-c85d582d1925,CUST-5684,South,Store-006,Tablet,3,1245.61,3736.83,2023-01-03 15:33:05,Temp_Sensor,21.62,OK,0,
9f83b763-d66c-44db-b6f7-a422ca2a5c46,CUST-8400,East,Store-017,Laptop,2,1568.53,3137.06,2023-01-27 12:36:37,RFID_Scanner,20.75,OK,0,
28b49eb6-27f0-4826-8862-d55e703b3768,CUST-1408,West,Store-015,Camera,2,1770.97,3541.94,2023-01-05 09:04:00,POS_Terminal,20.27,OK,0,
a363ae0f-d797-4d78-9ff2-13049dd6baea,CUST-3686,East,Store-003,Laptop,4,1286.44,5145.76,2023-01-05 03:23:21,Temp_Sensor,22.95,OK,0,
19d09bab-6eca-4334-b0dd-4f7617d73695,CUST-9383,West,Store-013,Camera,4,135.62,542.48,2023-01-09 07:05:43,POS_Terminal,21.96,OK,0,
9b95e646-c803-49ed-91cd-f040ac79ace9,CUST-3459,West,Store-005,Mobile,1,868.18,868.18,2023-01-16 00:36:53,Temp_Sensor,23.38,OK,0,
b009281b-5b5c-499e-92e4-5c5bf7684ee3,CUST-3960,East,Store-005,Mobile,1,1263.99,1263.99,2023-01-13 06:53:44,RFID_Scanner,21.21,OK,0,
3bd9984a-0751-4e4e-8c91-dc08401f069d,CUST-9904,East,Store-020,Tablet,7,472.9,3310.3,2023-01-24 02:14:40,POS_Terminal,20.87,MISMATCH,1,RFID_Mismatch
6213c162-1b4d-4320-90c5-1f5cfe75d50f,CUST-5009,North,Store-020,Smartwatch,5,1649.24,0.0,2023-01-11 01:54:55,RFID_Scanner,19.29,FAILED,1,Device_Failure
5d4fdd1f-0c9a-4943-89df-94790e9f57bc,CUST-1601,West,Store-002,Smartwatch,5,1684.13,0.0,2023-01-15 11:42:34,POS_Terminal,24.44,FAILED,1,Device_Failure
02885f8d-fb54-4cd8-91d9-c00495ee1bb8,CUST-3920,West,Store-010,Camera,5,1165.95,5829.75,2023-01-28 06:59:02,RFID_Scanner,24.76,OK,0,
29d7ab95-2549-4df1-a0c3-ab15c7e6d493,CUST-6901,East,Store-003,Printer,3,679.5,2038.5,2023-01-19 09:29:46,RFID_Scanner,23.31,OK,0,
eef340df-669c-4ed6-86f2-ab81d55e9da1,CUST-2063,North,Store-016,Mobile,1,1404.51,1404.51,2023-01-14 07:43:14,POS_Terminal,21.69,OK,0,
17222b77-0618-481a-9711-db662bafcafd,CUST-4425,East,Store-004,Camera,5,1975.02,9875.1,2023-01-24 11:30:29,Temp_Sensor,22.82,OK,0,
776efca5-d324-4c89-a668-b4f5589d1d9d,CUST-5705,South,Store-020,Printer,3,556.34,1669.02,2023-01-28 22:05:23,Temp_Sensor,20.48,OK,0,
688240fb-31a1-4c2a-8329-ca5d161be805,CUST-9132,South,Store-016,Printer,2,1773.14,3546.28,2023-01-12 07:08:25,Temp_Sensor,20.03,OK,0,
a9d10d18-9f03-4c2c-8f53-3104246effdf,CUST-2936,East,Store-015,Smartwatch,1,1488.06,1488.06,2023-01-11 01:33:28,Temp_Sensor,24.99,OK,0,
3ecc816e-7f2b-44f7-8793-f3d6bf6178d0,CUST-6468,North,Store-018,Printer,2,72.03,144.06,2023-01-10 18:24:00,Temp_Sensor,19.97,OK,0,
9fae0d40-1c94-42c4-b618-8d9e44d28f35,CUST-6042,North,Store-017,Camera,3,1545.71,4637.13,2023-01-06 12:37:45,Temp_Sensor,20.33,OK,0,
efc6fc5a-b9a9-4a9d-a979-9c6f80fc5798,CUST-1477,West,Store-007,Headphones,3,1848.45,5545.35,2023-01-24 06:12:05,POS_Terminal,23.58,OK,0,
98aa8ffa-65e6-482d-a5df-ca9484f690db,CUST-8888,West,Store-015,Printer,12,1797.06,21564.72,2023-01-23 10:49:00,POS_Terminal,24.49,MISMATCH,1,RFID_Mismatch
814add9c-947c-4a00-ab24-8b4a7a9bdcf2,CUST-6169,East,Store-007,Camera,3,1609.09,4827.27,2023-01-18 03:58:07,RFID_Scanner,24.79,OK,0,
c1d1e062-48f7-4a29-ab55-4e6497c57179,CUST-1510,North,Store-013,Smartwatch,5,1692.69,8463.45,2023-01-28 17:14:30,Temp_Sensor,20.73,OK,0,
fbb7f88b-f868-49c7-8f10-3a6261e9b85a,CUST-6050,North,Store-002,Headphones,4,219.26,877.04,2023-01-12 12:52:23,POS_Terminal,21.16,OK,0,
aa9f2608-9932-4c0c-ac5a-c6073c3781f5,CUST-4541,North,Store-006,Laptop,3,1580.64,0.0,2023-01-10 19:27:42,RFID_Scanner,21.11,FAILED,1,Device_Failure
cf729dda-d8c0-495d-9675-275e98267931,CUST-9192,West,Store-007,Headphones,4,1478.26,5913.04,2023-01-26 10:04:14,POS_Terminal,23.43,OK,0,
77744f56-bba0-4c09-804a-da067f694d84,CUST-2609,West,Store-007,Smartwatch,1,945.77,945.77,2023-01-26 08:34:33,RFID_Scanner,18.03,OK,0,
58422964-12ca-4c77-a725-a8cc12592a7b,CUST-2426,North,Store-015,Laptop,1,1065.13,1065.13,2023-01-16 04:03:59,RFID_Scanner,22.04,OK,0,
f742bad8-9d68-414d-9f53-9a8c7e32c5ae,CUST-4438,North,Store-007,Mobile,3,589.47,1768.41,2023-01-16 11:50:11,POS_Terminal,22.7,OK,0,
65237bcb-e843-4024-9967-220a1d455bef,CUST-3580,North,Store-004,Laptop,5,1141.27,5706.35,2023-01-05 23:16:33,RFID_Scanner,21.8,OK,0,
88df0b9c-cd4a-4dab-83b8-dfb3e628b91e,CUST-5440,West,Store-010,Camera,2,383.99,767.98,2023-01-16 02:46:52,Temp_Sensor,24.25,OK,0,
88a1d0ba-bfef-4f64-a40d-09c5d5708027,CUST-1831,West,Store-001,Tablet,1,256.56,256.56,2023-01-03 14:40:53,RFID_Scanner,20.99,OK,0,
205365a8-408a-437c-8c68-d26e92c72de4,CUST-8304,North,Store-010,Headphones,2,1440.15,2880.3,2023-01-26 21:33:17,RFID_Scanner,24.82,OK,0,
5391de3d-1f08-4510-a9ff-449b13af8634,CUST-8629,West,Store-003,Printer,4,239.66,958.64,2023-01-16 01:37:57,Temp_Sensor,22.51,OK,0,
af8a806e-244b-4ae4-8008-a9f87cce4ce6,CUST-8709,West,Store-008,Mobile,5,553.2,2766.0,2023-01-18 15:26:57,POS_Terminal,19.28,OK,0,
9db27d20-8e81-498e-ba57-8f129369d0a4,CUST-6412,North,Store-015,Tablet,1,177.46,177.46,2023-01-06 11:31:22,POS_Terminal,21.35,OK,0,
e73fc6b8-26e3-4969-96e1-25df250846d3,CUST-5624,North,Store-020,Camera,2,1040.5,2081.0,2023-01-20 16:39:30,Temp_Sensor,23.58,OK,0,
8bb3907c-caee-4d0e-806f-f51c3784a581,CUST-2162,North,Store-018,Tablet,4,1201.55,4806.2,2023-01-12 13:57:37,Temp_Sensor,19.71,OK,0,
bf5e092f-808d-4cef-8337-02b4f1c381fb,CUST-8903,South,Store-003,Headphones,2,1637.14,3274.28,2023-01-29 16:31:48,POS_Terminal,23.49,OK,0,
0b64c1c5-c8e9-49ef-9eca-c9adab5df049,CUST-6606,West,Store-006,Smartwatch,1,1491.77,1491.77,2023-01-28 20:58:40,POS_Terminal,18.8,OK,0,
e14105c2-3090-4da5-acd3-652dc8532712,CUST-6330,East,Store-015,Mobile,3,1913.97,5741.91,2023-01-04 09:05:55,Temp_Sensor,18.76,OK,0,
ba2b84b5-258e-4044-ab76-78543ef0afd4,CUST-7208,North,Store-016,Smartwatch,1,226.54,226.54,2023-01-07 17:50:59,Temp_Sensor,24.32,OK,0,
b123ae4b-f053-481d-9a79-398ac51e5ea7,CUST-1003,West,Store-005,Tablet,5,618.43,3092.15,2023-01-30 21:11:36,Temp_Sensor,21.13,OK,0,
9c113bf5-fa53-4c30-91ce-9ae81e28733a,CUST-6187,North,Store-019,Printer,3,1841.08,5523.24,2023-01-22 02:29:37,Temp_Sensor,24.88,OK,0,
d1cb2fa5-d975-4f6d-8bee-5fe88c0576b1,CUST-2462,East,Store-020,Camera,4,1702.89,6811.56,2023-01-15 06:44:59,RFID_Scanner,20.58,OK,0,
02bf3bd7-3f4f-414b-8574-bd5ae30b8226,CUST-1870,East,Store-018,Printer,3,263.91,791.73,2023-01-14 16:47:51,RFID_Scanner,19.65,OK,0,
ab24485d-2ca5-47b6-b93e-0dc066436ba0,CUST-7459,North,Store-013,Tablet,4,898.62,3594.48,2023-01-11 06:05:04,Temp_Sensor,19.21,OK,0,
12717427-5484-42c7-85af-7def1f02e8f1,CUST-7301,North,Store-014,Mobile,3,1995.04,5985.12,2023-01-07 02:16:31,RFID_Scanner,18.08,OK,0,
fa84eac4-a9fd-44c1-8619-e8e0b5dc95c0,CUST-3359,South,Store-014,Mobile,1,317.58,317.58,2023-01-21 04:30:24,POS_Terminal,24.26,OK,0,
15af056e-3dfe-49bb-9afa-535e9a7383b1,CUST-7974,West,Store-015,Camera,4,1126.5,4506.0,2023-01-22 20:20:28,POS_Terminal,20.49,OK,0,
c856c475-b455-4de9-b50e-0ae66cb99388,CUST-1121,South,Store-008,Smartwatch,5,575.04,2875.2,2023-01-27 12:19:47,Temp_Sensor,20.57,OK,0,
0472bd5e-dbd0-4aea-bd4b-fb5d1e42f2a2,CUST-8917,North,Store-004,Camera,4,1925.39,7701.56,2023-01-04 21:16:49,RFID_Scanner,23.11,OK,0,
9600beda-f91f-4149-bce7-d24ea90410c8,CUST-5578,South,Store-017,Laptop,5,1785.34,8926.7,2023-01-05 07:02:50,RFID_Scanner,21.31,OK,0,
a13a96a9-aba0-4194-b0b9-aa4e62132470,CUST-2279,North,Store-020,Laptop,3,1093.31,3279.93,2023-01-01 12:33:48,POS_Terminal,21.18,OK,0,
089420a1-3aa3-441e-8afd-a5b739291f0e,CUST-6431,South,Store-012,Printer,3,613.96,1841.88,2023-01-02 17:09:28,Temp_Sensor,24.46,OK,0,
8c3706e6-d96c-42f5-9eda-3908d61400e3,CUST-5267,East,Store-016,Camera,2,1167.08,2334.16,2023-01-15 03:55:01,Temp_Sensor,22.37,OK,0,
d32709a9-8116-409d-b002-a0ac513ccfef,CUST-2351,West,Store-017,Laptop,3,541.5,1624.5,2023-01-30 21:27:23,POS_Terminal,19.93,OK,0,
1c54a820-4c0d-4d0f-bf12-b67503157220,CUST-2827,West,Store-019,Smartwatch,2,1335.35,2670.7,2023-01-18 22:48:34,RFID_Scanner,19.83,OK,0,
7d96c5f6-c853-4a71-9b85-dee0bb8b6227,CUST-8944,West,Store-017,Printer,1,718.55,718.55,2023-01-05 02:20:05,RFID_Scanner,22.17,OK,0,
a6352f5d-4663-4d96-935b-b6250289b16c,CUST-9125,South,Store-013,Mobile,4,1465.7,5862.8,2023-01-09 02:53:56,RFID_Scanner,22.04,OK,0,
966c8154-d4d4-4322-ae71-6e9a9be62007,CUST-1890,North,Store-004,Laptop,2,954.83,1909.66,2023-01-24 02:51:01,POS_Terminal,21.33,OK,0,
bae9b82c-b1e3-4087-a37e-420f55fbf760,CUST-9724,West,Store-013,Smartwatch,4,975.45,0.0,2023-01-08 01:06:42,Temp_Sensor,24.09,FAILED,1,Device_Failure
46c97740-e055-48a8-9c5c-063d6ba3e3d2,CUST-7258,North,Store-017,Smartwatch,1,239.86,239.86,2023-01-26 19:00:05,Temp_Sensor,20.48,OK,0,
c9a4c9ce-959d-4a79-90de-65ee99c42130,CUST-5466,North,Store-009,Headphones,1,547.92,547.92,2023-01-29 08:36:55,POS_Terminal,21.23,OK,0,
3de57a1a-2fde-4f06-972e-44fdd37490e9,CUST-4961,West,Store-017,Headphones,2,660.88,0.0,2023-01-01 12:19:27,Temp_Sensor,18.06,FAILED,1,Device_Failure
4db324b2-253e-4dab-bd56-a7645a938f2e,CUST-2600,East,Store-015,Headphones,2,1464.24,2928.48,2023-01-13 05:28:48,RFID_Scanner,18.24,OK,0,
2a32eb62-3188-4fa2-8963-281682455ffb,CUST-1931,West,Store-020,Smartwatch,1,1430.75,1430.75,2023-01-06 19:47:00,RFID_Scanner,24.0,OK,0,
f4b93dd8-fac6-4aeb-ab77-fab210d44a98,CUST-4027,East,Store-006,Headphones,3,960.56,2881.68,2023-01-04 16:12:48,Temp_Sensor,21.17,OK,0,
a3c61668-b5c3-4491-ad26-f014aa3902f0,CUST-7995,North,Store-009,Mobile,1,590.71,590.71,2023-01-04 00:41:11,POS_Terminal,20.72,OK,0,
f8bb1f17-d43e-4730-90f9-0d69537b8259,CUST-5230,North,Store-006,Tablet,1,1008.86,1008.86,2023-01-10 17:47:47,Temp_Sensor,20.75,OK,0,
e7d1cc16-5ec1-484f-9707-9544372d0a54,CUST-2776,West,Store-018,Printer,4,475.85,1903.4,2023-01-06 03:47:23,POS_Terminal,23.01,OK,0,
c6bb38ea-aebe-4478-beba-054ca5b90d89,CUST-2194,East,Store-019,Smartwatch,3,1565.61,4696.83,2023-01-01 21:51:45,POS_Terminal,19.04,OK,0,
ea420347-64c9-43f3-b6d7-d1496983e697,CUST-1619,South,Store-009,Mobile,3,1814.0,5442.0,2023-01-28 21:30:15,RFID_Scanner,21.61,OK,0,
fc36bf0f-6bfd-4fd1-9362-6f9163f68931,CUST-9039,South,Store-014,Tablet,1,1103.25,1103.25,2023-01-01 03:51:12,POS_Terminal,24.68,OK,0,
336c74d8-43ee-4e75-8aa5-9f09f765a3ac,CUST-8898,East,Store-019,Camera,3,700.21,2100.63,2023-01-15 16:49:13,POS_Terminal,18.39,OK,0,
40ee2ee4-efd9-462a-bf71-c0da3becf22c,CUST-2485,North,Store-018,Printer,3,206.89,620.67,2023-01-23 07:31:07,POS_Terminal,22.53,OK,0,
d13085e2-7d9a-437b-b746-b842fce4ed87,CUST-1644,South,Store-007,Headphones,4,1798.1,7192.4,2023-01-18 10:34:10,POS_Terminal,18.59,OK,0,
6701af1d-6436-48c5-a92d-56c1d7ff8138,CUST-4104,West,Store-002,Mobile,11,1453.49,15988.39,2023-01-29 18:49:53,RFID_Scanner,21.42,MISMATCH,1,RFID_Mismatch
16595a90-3919-4a3c-a32e-17fafd7a4955,CUST-6041,South,Store-018,Printer,4,1934.82,7739.28,2023-01-01 19:07:43,RFID_Scanner,20.37,OK,0,
fbcbfe45-56be-49ac-80f0-638e1ec2c62a,CUST-1701,South,Store-004,Mobile,5,943.82,4719.1,2023-01-27 01:08:21,RFID_Scanner,23.19,OK,0,
963d71e1-3134-4941-88bb-ee08f85fc4fd,CUST-2180,East,Store-005,Tablet,1,968.88,968.88,2023-01-03 05:21:46,RFID_Scanner,22.91,OK,0,
5a9d99bd-178a-4175-bb76-82d748c44007,CUST-3822,East,Store-010,Printer,1,939.56,939.56,2023-01-09 06:52:03,Temp_Sensor,18.45,OK,0,
bd1658b2-e77f-4d44-acc0-ba6124970562,CUST-2870,South,Store-020,Printer,5,480.12,2400.6,2023-01-10 20:05:38,POS_Terminal,20.36,OK,0,
687742b5-d9b9-4466-8668-bb29a6f27b9d,CUST-7586,North,Store-004,Smartwatch,5,1114.48,5572.4,2023-01-16 14:40:45,RFID_Scanner,23.35,OK,0,
2f1beaf7-e058-4105-9a1f-0bd633a354fc,CUST-6496,East,Store-004,Headphones,2,1527.22,3054.44,2023-01-09 03:47:36,Temp_Sensor,20.59,OK,0,
5032575f-46b4-49e6-89bf-45634108270a,CUST-4991,East,Store-005,Laptop,5,783.46,3917.3,2023-01-08 15:47:46,RFID_Scanner,39.49,OVERHEAT,1,Overheat
91321f09-611b-40b9-b1fe-91b42c45eae5,CUST-2460,North,Store-014,Smartwatch,4,1400.1,5600.4,2023-01-11 00:11:38,RFID_Scanner,22.48,OK,0,
7ceb1e76-722b-4054-ab7b-e7ae095b0974,CUST-7750,West,Store-006,Camera,1,1212.73,1212.73,2023-01-25 06:24:40,Temp_Sensor,24.65,OK,0,
e345e418-ec39-4b7e-9308-d4252b23ee54,CUST-5934,North,Store-014,Laptop,5,509.5,2547.5,2023-01-06 16:54:23,Temp_Sensor,24.84,OK,0,
357ca6ad-dcdc-478e-80e3-9285bf5cefc0,CUST-9842,West,Store-015,Printer,2,589.03,1178.06,2023-01-10 09:41:56,RFID_Scanner,23.58,OK,0,
8aeb2582-09a9-42c6-92e4-2379b611e431,CUST-8772,South,Store-006,Mobile,1,155.35,155.35,2023-01-18 16:18:56,POS_Terminal,19.47,OK,0,
a5901d12-7bba-47b7-ad54-130e423e96d0,CUST-8424,East,Store-004,Smartwatch,1,1853.48,1853.48,2023-01-09 12:55:26,RFID_Scanner,23.5,OK,0,
66b51ac5-2919-4233-9903-cbcd25a64975,CUST-2901,East,Store-008,Smartwatch,4,1205.78,4823.12,2023-01-16 19:47:06,POS_Terminal,19.39,OK,0,
5cbeb6e2-85df-4156-8275-69f470c5e584,CUST-6336,West,Store-004,Headphones,2,241.23,482.46,2023-01-21 00:42:30,RFID_Scanner,20.63,OK,0,
0fa47f3f-b53e-46e8-820f-ca82ca65d377,CUST-8716,South,Store-002,Tablet,2,471.52,943.04,2023-01-30 14:02:29,POS_Terminal,19.25,OK,0,
4703ccb7-ca09-4358-97ab-88b14daa6947,CUST-8499,West,Store-012,Headphones,2,704.99,1409.98,2023-01-02 13:23:34,Temp_Sensor,21.98,OK,0,
05006d21-9e36-4fb5-893e-e80db5942e5e,CUST-2820,South,Store-015,Tablet,2,1532.66,3065.32,2023-01-11 16:08:52,POS_Terminal,22.23,OK,0,
a9376b9d-d177-4169-85d7-7b33d82ae113,CUST-3784,West,Store-003,Tablet,5,1003.97,5019.85,2023-01-11 12:10:26,Temp_Sensor,21.31,OK,0,
1ffa273e-50f5-4a1d-8400-b352b6713ddd,CUST-1237,South,Store-008,Mobile,3,896.79,2690.37,2023-01-11 19:07:20,Temp_Sensor,24.62,OK,0,
8ecf0bd1-7442-416c-bafb-201624c4eb1d,CUST-1083,South,Store-002,Laptop,4,1480.28,5921.12,2023-01-25 11:27:16,RFID_Scanner,20.98,OK,0,
d8324413-db3a-48ed-8ecf-4d59e555b33c,CUST-2605,South,Store-016,Mobile,1,1139.05,1139.05,2023-01-01 14:28:25,Temp_Sensor,23.12,OK,0,
c4d3c937-6a48-4465-b703-85389a1ca11a,CUST-3174,North,Store-010,Mobile,1,81.06,81.06,2023-01-15 19:09:37,RFID_Scanner,22.92,OK,0,
ab96a9ee-8b7b-4ea0-9072-50b5e04ba0e2,CUST-1399,South,Store-015,Printer,2,1754.69,3509.38,2023-01-20 16:16:44,RFID_Scanner,23.53,OK,0,
290ff5dc-a8dc-4fab-af05-78a05bf63957,CUST-8607,East,Store-003,Tablet,3,1085.29,3255.87,2023-01-15 09:33:08,POS_Terminal,23.27,OK,0,
466c7c9f-b631-448f-a02c-904ffcc0c916,CUST-9887,West,Store-003,Camera,3,1484.73,4454.19,2023-01-03 15:51:36,Temp_Sensor,24.62,OK,0,
e89156c6-f52f-49b0-8bfa-b9f2e8df611f,CUST-1844,East,Store-013,Headphones,4,1257.31,5029.24,2023-01-18 17:55:16,POS_Terminal,19.23,OK,0,
c6c39895-c5bd-4795-ba1c-bddabc58fc7a,CUST-2097,West,Store-005,Headphones,2,1102.29,2204.58,2023-01-24 05:29:07,Temp_Sensor,24.57,OK,0,
12e55876-05f6-4ae2-b70d-c9685f5d8b91,CUST-4437,West,Store-011,Headphones,3,1031.95,3095.85,2023-01-21 12:44:53,POS_Terminal,18.38,OK,0,
6dc2f6e0-5d64-4cd9-b188-cedc082e171f,CUST-8412,South,Store-017,Camera,1,966.82,966.82,2023-01-26 19:42:49,Temp_Sensor,23.78,OK,0,
ed56fad7-c3f9-4876-836e-c1cda5c9a09e,CUST-8405,North,Store-003,Mobile,4,220.25,881.0,2023-01-19 23:10:41,RFID_Scanner,20.02,OK,0,
ee339022-6854-464d-8261-663949337ae0,CUST-2791,West,Store-009,Laptop,2,1017.84,0.0,2023-01-10 21:58:32,Temp_Sensor,24.66,FAILED,1,Device_Failure
50121022-d0ab-41ec-9ea2-b02033e43b93,CUST-9870,West,Store-016,Headphones,4,915.53,3662.12,2023-01-02 01:01:43,POS_Terminal,55.87,OVERHEAT,1,Overheat
fe5057e2-1c6b-446e-853b-3ae9ecb4d7a2,CUST-9513,North,Store-014,Camera,3,1328.73,3986.19,2023-01-16 20:10:28,POS_Terminal,22.15,OK,0,
8d819e3d-4455-4979-9eef-d877fe0ee455,CUST-9986,South,Store-015,Headphones,5,307.31,1536.55,2023-01-15 21:05:33,RFID_Scanner,23.52,OK,0,
ef7c1961-bd8e-4d8d-9ab4-dd7b0385b7cb,CUST-7093,North,Store-002,Mobile,3,604.54,1813.62,2023-01-09 01:49:37,Temp_Sensor,24.47,OK,0,
71dce455-7fde-4acb-a136-bc35670c3ac8,CUST-5673,West,Store-006,Printer,2,364.45,728.9,2023-01-06 16:13:06,RFID_Scanner,24.96,OK,0,
191d27e6-5cbd-4344-9d4a-590adb23a8af,CUST-8223,North,Store-012,Mobile,2,1146.85,2293.7,2023-01-02 16:24:56,Temp_Sensor,20.22,OK,0,
f6d66e2a-6bd4-45b9-a414-f514ae6fee95,CUST-7109,South,Store-018,Mobile,5,638.04,3190.2,2023-01-02 05:02:23,POS_Terminal,24.52,OK,0,
f012043b-a94c-49e3-87bb-c638fc86498f,CUST-8504,North,Store-005,Laptop,5,1952.42,9762.1,2023-01-17 01:58:11,Temp_Sensor,22.94,OK,0,
b7ca0ed0-ad5b-4a05-ae9a-958d734a202a,CUST-5748,West,Store-019,Smartwatch,13,710.43,9235.59,2023-01-06 10:51:25,Temp_Sensor,21.35,MISMATCH,1,RFID_Mismatch
bb3e4d21-7608-41f5-8f49-398d9050b53f,CUST-2914,North,Store-001,Tablet,11,1689.71,18586.81,2023-01-22 15:35:45,POS_Terminal,18.65,MISMATCH,1,RFID_Mismatch
ace53e60-f06e-47a7-876a-357f517f60f8,CUST-9625,West,Store-009,Mobile,9,213.0,1917.0,2023-01-22 14:59:46,Temp_Sensor,22.7,MISMATCH,1,RFID_Mismatch
312258c8-1f88-445d-a93a-3ce295a3cc91,CUST-4185,South,Store-011,Camera,5,1047.53,5237.65,2023-01-03 17:18:00,Temp_Sensor,20.53,OK,0,
b3cbe479-3dee-4196-9aef-d668ec56a265,CUST-8006,North,Store-013,Headphones,1,605.07,605.07,2023-01-18 01:21:29,POS_Terminal,24.84,OK,0,
1e99be93-c9b2-4162-8ea8-b44f96a39b3f,CUST-2435,West,Store-015,Smartwatch,4,1617.19,6468.76,2023-01-15 00:16:58,RFID_Scanner,23.64,OK,0,
5761b7c8-36fa-43d7-8b16-db9c3bef2b74,CUST-7944,South,Store-005,Printer,5,1215.97,6079.85,2023-01-07 23:21:06,RFID_Scanner,20.12,OK,0,
4b6acf91-ba21-4124-896a-82be60082c98,CUST-9606,North,Store-003,Camera,4,222.47,889.88,2023-01-20 21:03:22,Temp_Sensor,24.4,OK,0,
a19d790d-678a-4179-84e3-182302c7cd03,CUST-8571,West,Store-007,Mobile,4,614.45,2457.8,2023-01-24 19:34:25,RFID_Scanner,23.76,OK,0,
d2999758-ee33-4e2e-809d-117bb39c7e07,CUST-5979,South,Store-018,Smartwatch,4,487.81,1951.24,2023-01-01 02:51:02,RFID_Scanner,19.84,OK,0,
b74adc40-fc0f-4672-b439-38a7128ce4a6,CUST-8742,East,Store-010,Tablet,2,1009.18,2018.36,2023-01-12 21:09:17,RFID_Scanner,18.84,OK,0,
a2689aff-3457-4740-8b2d-2b77a3f4e10f,CUST-2093,North,Store-019,Tablet,5,900.33,4501.65,2023-01-13 12:29:19,Temp_Sensor,22.8,OK,0,
7b55526c-789d-46aa-af84-12df44625105,CUST-2959,North,Store-017,Smartwatch,5,84.21,421.05,2023-01-13 14:22:57,RFID_Scanner,22.07,OK,0,
34eeb7ad-dd13-4bc7-beb9-a039c251f9f8,CUST-8553,West,Store-012,Mobile,1,581.71,581.71,2023-01-21 08:46:09,Temp_Sensor,24.38,OK,0,
0f319482-32ea-4076-88b9-68a74dd74679,CUST-5749,North,Store-017,Smartwatch,1,1052.04,1052.04,2023-01-09 21:29:55,RFID_Scanner,22.19,OK,0,
737eab1d-7404-4aa4-bc09-3338da6ca834,CUST-6285,North,Store-010,Headphones,10,236.88,2368.8,2023-01-29 03:48:11,POS_Terminal,23.76,MISMATCH,1,RFID_Mismatch
875b0e28-449d-4edd-a4ac-8c7c999569c3,CUST-7111,South,Store-014,Headphones,2,249.71,499.42,2023-01-08 12:04:10,Temp_Sensor,19.55,OK,0,
65096343-2153-43d7-84d5-58944fe2537d,CUST-9612,East,Store-014,Tablet,1,277.3,277.3,2023-01-07 08:53:47,RFID_Scanner,21.36,OK,0,
3782da8e-9c93-4104-a6fc-9fa05f7c1081,CUST-6940,West,Store-015,Camera,5,1539.0,7695.0,2023-01-17 14:30:41,RFID_Scanner,40.56,OVERHEAT,1,Overheat
b494d8d6-952c-4e41-9ee9-b46a3c2c7c86,CUST-3332,West,Store-010,Mobile,2,303.93,607.86,2023-01-04 19:34:53,POS_Terminal,22.84,OK,0,
df33cf72-841a-4422-b0d3-d08ab6504741,CUST-2273,East,Store-016,Printer,4,132.91,531.64,2023-01-06 05:36:58,RFID_Scanner,23.55,OK,0,
e945415d-c734-4ef8-990f-3fd90a793962,CUST-1971,South,Store-004,Headphones,1,179.18,179.18,2023-01-01 11:58:05,RFID_Scanner,23.48,OK,0,
60fac953-f657-4825-b913-b7a1c224f92b,CUST-4365,West,Store-006,Smartwatch,3,107.06,321.18,2023-01-08 01:35:10,Temp_Sensor,24.59,OK,0,
3d0440f9-5de9-4d3c-8933-76e61c87deef,CUST-6698,North,Store-006,Printer,10,1572.56,15725.6,2023-01-30 18:08:45,RFID_Scanner,21.53,MISMATCH,1,RFID_Mismatch
4a911fae-b621-4d09-a69b-6f16a522da92,CUST-9664,West,Store-007,Headphones,2,1808.24,3616.48,2023-01-27 01:47:51,RFID_Scanner,58.01,OVERHEAT,1,Overheat
94a23dad-52d4-4b5a-9800-169afba19b6b,CUST-8777,North,Store-019,Mobile,4,1363.38,5453.52,2023-01-06 05:02:31,RFID_Scanner,23.84,OK,0,
85be5d82-6d03-4798-8add-33535bdf9c04,CUST-7948,West,Store-017,Mobile,4,270.05,1080.2,2023-01-16 06:09:47,RFID_Scanner,21.26,OK,0,
ef801f65-763b-46a1-b389-3bec672bf26b,CUST-9123,North,Store-010,Camera,1,210.38,210.38,2023-01-24 23:13:01,RFID_Scanner,20.69,OK,0,
e7e5f4c5-ba15-40dd-b172-b6a68429b83b,CUST-6111,South,Store-008,Camera,4,616.65,2466.6,2023-01-21 18:36:41,RFID_Scanner,24.0,OK,0,
db03f264-d7a3-42aa-83f7-8e80552e3e09,CUST-8793,North,Store-006,Laptop,4,1360.59,5442.36,2023-01-20 05:48:15,POS_Terminal,21.66,OK,0,
fc02d874-34a8-48c8-9a18-6f5c7111182d,CUST-2953,West,Store-013,Tablet,5,1956.26,9781.3,2023-01-09 04:34:36,RFID_Scanner,20.55,OK,0,
9ca9e60b-6b55-4ac6-bd11-ccb755ed7cb3,CUST-4281,South,Store-004,Mobile,4,1464.14,5856.56,2023-01-14 12:29:50,Temp_Sensor,23.36,OK,0,
b9ef0bb1-3537-4bea-9545-591b125a6c83,CUST-7557,North,Store-016,Smartwatch,5,1902.77,9513.85,2023-01-24 12:31:18,Temp_Sensor,19.95,OK,0,
13dc349b-686b-49c4-a56d-5796b604f8b2,CUST-2770,East,Store-009,Tablet,4,500.1,2000.4,2023-01-07 12:49:48,RFID_Scanner,47.45,OVERHEAT,1,Overheat
c3f9565c-ea74-4c20-9d96-dc219ec1815b,CUST-1438,West,Store-013,Camera,3,347.84,1043.52,2023-01-05 16:14:12,RFID_Scanner,22.63,OK,0,
89672ea9-ca57-4b1b-b54c-83229fcdb2a1,CUST-9064,South,Store-007,Headphones,4,1005.99,4023.96,2023-01-13 16:51:43,Temp_Sensor,20.41,OK,0,
b5a3ab28-4812-4345-86e6-4726a45e0554,CUST-9955,East,Store-002,Tablet,1,798.08,798.08,2023-01-16 06:29:16,POS_Terminal,48.92,OVERHEAT,1,Overheat
bc12f157-1c91-4190-b9cf-4418301458f5,CUST-5965,West,Store-016,Tablet,2,659.3,1318.6,2023-01-19 21:18:41,POS_Terminal,23.35,OK,0,
9a971e83-9300-4f5f-83eb-989c7a9f2825,CUST-9037,South,Store-016,Camera,2,1038.04,2076.08,2023-01-19 23:59:46,POS_Terminal,21.46,OK,0,
d4fb7e37-3f49-4188-888e-4620e4ff8850,CUST-6779,North,Store-011,Laptop,1,1201.4,1201.4,2023-01-07 05:21:41,POS_Terminal,20.44,OK,0,
63cbbddc-ba52-48a5-84a8-b89895ca0b49,CUST-1440,North,Store-013,Laptop,4,723.03,2892.12,2023-01-18 08:21:41,POS_Terminal,20.46,OK,0,
451212e0-6a42-49c6-a854-576d67627566,CUST-5056,West,Store-010,Camera,1,1825.26,1825.26,2023-01-04 04:18:47,POS_Terminal,18.8,OK,0,
01d208cf-3582-4e10-b144-59fa5c4eb5e8,CUST-9821,North,Store-002,Tablet,4,1157.7,4630.8,2023-01-21 10:42:06,POS_Terminal,18.14,OK,0,
903740e6-a434-4b3e-999f-2fa9ea1ce9c8,CUST-1364,North,Store-013,Camera,4,678.72,2714.88,2023-01-05 17:51:31,POS_Terminal,18.7,OK,0,
4da0a331-9a37-4b87-b04c-878113dbdf9d,CUST-6504,South,Store-017,Printer,3,374.92,1124.76,2023-01-15 12:58:01,POS_Terminal,24.79,OK,0,
18a9c2a4-c6a9-48a1-ad9a-b890ef7bbe38,CUST-2234,West,Store-010,Headphones,1,629.77,629.77,2023-01-28 20:12:00,POS_Terminal,23.63,OK,0,
0a8381e7-2452-459b-89ef-d05fa42dbaa6,CUST-2506,East,Store-019,Headphones,3,181.18,543.54,2023-01-26 18:44:02,POS_Terminal,20.99,OK,0,
1a4c068f-666f-4fcc-826b-7a73a53d8c42,CUST-2256,North,Store-017,Printer,3,894.18,2682.54,2023-01-27 05:05:04,POS_Terminal,19.4,OK,0,
e57c8ef9-ed90-4237-873f-96c1bc358516,CUST-9443,South,Store-018,Mobile,1,1274.3,1274.3,2023-01-26 01:26:40,RFID_Scanner,22.04,OK,0,
0ed7edf2-62cf-491c-851a-dd3e9cbadb42,CUST-8656,North,Store-018,Printer,5,1712.91,8564.55,2023-01-22 01:19:32,Temp_Sensor,44.11,OVERHEAT,1,Overheat
1676693a-1c1f-4afc-ac52-d1970b42abfe,CUST-3420,West,Store-005,Smartwatch,3,1696.04,5088.12,2023-01-20 21:59:16,POS_Terminal,24.02,OK,0,
e88da590-6904-4db3-877e-ffd8a2b799aa,CUST-4335,South,Store-009,Printer,3,1309.78,3929.34,2023-01-13 10:46:55,Temp_Sensor,22.21,OK,0,
010e80b0-61aa-4969-aee5-1317b317c79a,CUST-2860,West,Store-007,Laptop,2,1604.24,3208.48,2023-01-16 01:48:21,POS_Terminal,21.4,OK,0,
736d018f-67cf-490a-8558-461159d0f5dc,CUST-7914,East,Store-007,Mobile,3,316.04,948.12,2023-01-13 13:03:14,POS_Terminal,22.61,OK,0,
046a2d4e-5184-4e87-a86f-f3834addb860,CUST-1691,South,Store-001,Laptop,1,662.11,662.11,2023-01-15 11:10:15,RFID_Scanner,24.3,OK,0,
33687912-fb18-4497-91b8-76f8544c4d64,CUST-6954,East,Store-013,Printer,2,510.28,1020.56,2023-01-28 17:13:55,Temp_Sensor,21.5,OK,0,
0897a407-13c8-4387-a636-90ab513efdd7,CUST-9605,North,Store-016,Laptop,2,1219.65,2439.3,2023-01-16 05:08:58,POS_Terminal,23.83,OK,0,
b3df9bfd-2150-4a8c-a545-8511672c3ca8,CUST-4865,South,Store-007,Mobile,1,391.55,391.55,2023-01-14 07:52:14,POS_Terminal,20.86,OK,0,
e7809906-7298-4415-9a38-80cf94ac13d1,CUST-1916,South,Store-018,Headphones,1,667.16,667.16,2023-01-21 13:44:27,POS_Terminal,22.78,OK,0,
6e37c991-3e43-4552-bf31-f7d79cd2c888,CUST-3374,North,Store-016,Smartwatch,3,1651.66,4954.98,2023-01-02 00:33:11,Temp_Sensor,24.77,OK,0,
2085f924-6f2b-466f-ab05-49a6ea3b7428,CUST-1895,West,Store-009,Camera,4,653.07,2612.28,2023-01-18 14:45:24,Temp_Sensor,18.85,OK,0,
7f1cf86f-fde3-422a-8be4-6141df1d4a2c,CUST-8248,South,Store-001,Tablet,3,636.73,1910.19,2023-01-12 10:19:52,POS_Terminal,19.47,OK,0,
949a40ba-6a35-4514-88b1-489d87d7255f,CUST-8190,North,Store-014,Printer,1,584.37,584.37,2023-01-04 21:19:00,POS_Terminal,21.3,OK,0,
7ff01004-e410-4378-a9c3-efca8555a377,CUST-6451,South,Store-004,Printer,2,1412.04,2824.08,2023-01-25 13:55:20,RFID_Scanner,20.46,OK,0,
31d545cc-2fd3-40e5-b6dd-a4e10a1b8234,CUST-9973,North,Store-015,Smartwatch,1,1535.85,1535.85,2023-01-09 22:04:19,Temp_Sensor,21.1,OK,0,
37fced8c-f58d-4969-a669-5967af3a6fd3,CUST-1050,South,Store-007,Smartwatch,3,661.76,1985.28,2023-01-04 23:48:26,RFID_Scanner,19.1,OK,0,
45859c5f-a2de-4ac4-afe5-1ca4c5ca1219,CUST-3131,South,Store-011,Tablet,4,1753.34,7013.36,2023-01-07 11:33:00,POS_Terminal,19.21,OK,0,
c0a953c9-364c-4273-94f3-e47b745575d0,CUST-6367,North,Store-007,Laptop,4,766.82,3067.28,2023-01-20 02:27:14,POS_Terminal,24.61,OK,0,
decf3fe1-da43-401e-b97a-353b9095eb8e,CUST-4677,East,Store-001,Camera,5,1271.92,6359.6,2023-01-05 07:39:54,POS_Terminal,19.39,OK,0,
ee735760-6357-41a9-9979-18a89e68e4e2,CUST-3764,East,Store-013,Camera,4,1220.77,4883.08,2023-01-08 05:53:24,RFID_Scanner,24.71,OK,0,
de3730c9-fb85-4e9d-aab4-a9d88755f8a4,CUST-2922,East,Store-017,Tablet,4,1663.15,6652.6,2023-01-24 23:43:31,RFID_Scanner,19.57,OK,0,
491d19c7-0b58-4b63-98dd-3f6103c467d6,CUST-5361,North,Store-016,Tablet,2,891.05,1782.1,2023-01-11 00:42:48,Temp_Sensor,19.51,OK,0,
d70f7611-528d-48b8-82a7-a5ffff51da40,CUST-4102,South,Store-006,Tablet,2,106.11,212.22,2023-01-13 17:01:06,RFID_Scanner,22.32,OK,0,
4037497e-7809-4da0-a7e5-a7b062182596,CUST-7056,South,Store-003,Laptop,4,309.75,1239.0,2023-01-16 16:36:31,Temp_Sensor,20.78,OK,0,
9ddd4cbd-c044-4f2f-8aad-f80dd3dfff27,CUST-7283,South,Store-020,Headphones,1,235.79,235.79,2023-01-03 20:27:05,RFID_Scanner,20.33,OK,0,
4a2a0502-8abc-4605-aee8-82fda5ca1c61,CUST-6804,East,Store-001,Headphones,5,1258.33,6291.65,2023-01-15 16:26:47,POS_Terminal,22.7,OK,0,
e196815b-5eb5-4920-85a1-1fffd2c37a97,CUST-1673,West,Store-009,Mobile,5,1011.04,5055.2,2023-01-17 11:10:10,POS_Terminal,18.92,OK,0,
12e8f774-a676-41a4-be96-8024b5144067,CUST-9690,South,Store-005,Headphones,1,660.88,660.88,2023-01-07 04:58:51,POS_Terminal,24.1,OK,0,
80c902e7-a0b6-4c54-9a6b-b6283da54ffc,CUST-6907,South,Store-010,Headphones,5,1667.7,8338.5,2023-01-13 19:18:00,Temp_Sensor,20.19,OK,0,
96452ed7-8942-4f73-a78a-bfec95679c91,CUST-6169,South,Store-005,Camera,4,153.78,0.0,2023-01-08 05:09:20,RFID_Scanner,19.61,FAILED,1,Device_Failure
50bd9567-4425-4343-b7e3-6b28f5f66b88,CUST-3679,South,Store-014,Laptop,4,129.54,518.16,2023-01-18 07:22:33,Temp_Sensor,21.93,OK,0,
10cfca64-15db-4caf-ae6d-5821cbc9a574,CUST-2843,West,Store-004,Headphones,1,447.28,447.28,2023-01-14 19:01:10,RFID_Scanner,23.84,OK,0,
fcb0b342-9a8d-4e0b-bf01-5a964da5fd3a,CUST-5469,West,Store-019,Laptop,5,1545.35,7726.75,2023-01-09 18:22:40,POS_Terminal,24.44,OK,0,
b0c09b94-e8d0-4989-8823-a6a0ae6b99c4,CUST-9161,East,Store-011,Laptop,3,1378.56,4135.68,2023-01-06 22:07:47,POS_Terminal,20.61,OK,0,
836808f1-cbeb-44af-9e10-c59511837855,CUST-2737,North,Store-005,Laptop,1,947.45,947.45,2023-01-24 07:04:18,POS_Terminal,22.4,OK,0,
f0e7dd99-6480-4aac-a39d-25e884b1949a,CUST-1095,North,Store-002,Smartwatch,5,1904.25,9521.25,2023-01-16 18:33:14,Temp_Sensor,25.0,OK,0,
6dc18564-6d01-48e3-ad85-b55b299bb035,CUST-3118,West,Store-002,Printer,3,680.18,2040.54,2023-01-03 16:42:10,Temp_Sensor,18.5,OK,0,
9614824d-ffa4-4202-9fd9-2ff496a5279b,CUST-7248,East,Store-013,Headphones,2,518.16,1036.32,2023-01-20 08:46:20,RFID_Scanner,18.14,OK,0,
ea521d0d-fb0a-4a4a-b1c0-49adf3377c6c,CUST-7365,South,Store-010,Smartwatch,2,285.17,570.34,2023-01-24 19:52:33,POS_Terminal,23.15,OK,0,
3f80edc8-9d18-41cc-a81a-9e7c2783eb9d,CUST-3151,North,Store-004,Printer,3,1049.67,3149.01,2023-01-24 18:27:07,POS_Terminal,24.2,OK,0,
6eb0ac78-2021-4226-b670-42a2764a08ac,CUST-7931,East,Store-014,Printer,3,1247.04,0.0,2023-01-22 01:46:12,Temp_Sensor,20.98,FAILED,1,Device_Failure
33a562de-00e8-4dbe-a0c5-9f0446d390d8,CUST-8594,West,Store-005,Tablet,5,1277.64,6388.2,2023-01-26 11:17:38,RFID_Scanner,20.03,OK,0,
7ac51d99-faab-483a-ad95-709c4896159f,CUST-8825,North,Store-005,Mobile,3,1691.0,5073.0,2023-01-26 09:26:47,POS_Terminal,57.93,OVERHEAT,1,Overheat
3bf610eb-6b47-4dfb-b026-a7980c5a0bd5,CUST-9411,East,Store-017,Tablet,4,234.24,936.96,2023-01-28 14:19:30,POS_Terminal,20.49,OK,0,
bc131085-0f8f-465c-9f00-79b9e0e648f9,CUST-9248,East,Store-004,Smartwatch,4,400.13,1600.52,2023-01-09 20:17:16,POS_Terminal,18.32,OK,0,
38d4ca24-5cfc-46c6-80e2-ac481cc19095,CUST-5876,North,Store-019,Smartwatch,4,1526.84,6107.36,2023-01-22 20:13:38,Temp_Sensor,23.65,OK,0,
acb193e5-8676-48a0-bbbd-097ab3e0892f,CUST-4066,West,Store-006,Laptop,5,555.67,2778.35,2023-01-06 03:53:03,POS_Terminal,35.33,OVERHEAT,1,Overheat
1cb3a1f9-23ce-462c-9c8f-cc7dd245d79c,CUST-8817,South,Store-013,Printer,5,1465.53,7327.65,2023-01-15 16:47:15,Temp_Sensor,23.69,OK,0,
94dde62c-ac7e-4194-9868-85d6bb3691ac,CUST-7471,North,Store-003,Mobile,2,77.06,154.12,2023-01-06 10:23:15,RFID_Scanner,22.87,OK,0,
94459df0-c1bc-4aaa-b492-e879afd9f5f4,CUST-1439,West,Store-016,Smartwatch,2,1316.99,2633.98,2023-01-22 03:43:49,Temp_Sensor,24.01,OK,0,
39b54947-cbc4-4fd8-8918-9cd4fd0ec4ca,CUST-2410,North,Store-015,Mobile,4,872.66,3490.64,2023-01-06 15:41:03,RFID_Scanner,24.32,OK,0,
f74834ed-0324-4b0d-aa18-281e4cf1731a,CUST-8295,South,Store-016,Laptop,4,1191.19,4764.76,2023-01-10 18:34:34,POS_Terminal,21.99,OK,0,
1c6f9d39-9005-4000-bdb8-49276cfd8b6b,CUST-1834,North,Store-001,Laptop,4,1960.0,7840.0,2023-01-25 01:32:09,Temp_Sensor,22.05,OK,0,
d364aa88-3f1d-474c-ac04-d58c30115503,CUST-5764,East,Store-016,Tablet,4,1051.04,4204.16,2023-01-30 16:26:37,Temp_Sensor,24.34,OK,0,
81c9906b-a299-44e8-a304-a10e4f102258,CUST-4799,East,Store-017,Laptop,4,1173.99,4695.96,2023-01-27 20:35:22,RFID_Scanner,19.87,OK,0,
ee29b330-3936-41a9-a9fa-cbdbfe8a7a65,CUST-8755,East,Store-016,Camera,3,924.23,2772.69,2023-01-22 04:14:41,RFID_Scanner,19.13,OK,0,
b7a041fd-dfc1-4ed7-88c8-0464e59acd63,CUST-8688,North,Store-015,Mobile,5,478.42,2392.1,2023-01-17 11:08:30,Temp_Sensor,23.97,OK,0,
9ea3d8c1-8838-4bcf-ae71-2a3dfe6bcbe0,CUST-8675,West,Store-010,Smartwatch,4,1921.62,7686.48,2023-01-18 11:43:41,POS_Terminal,23.6,OK,0,
1beab1ae-db01-4bb2-b428-b0f1b5431062,CUST-4394,North,Store-003,Smartwatch,4,301.74,1206.96,2023-01-10 16:24:57,RFID_Scanner,22.24,OK,0,
6ded17cb-2e20-4403-b35c-133875918b69,CUST-7815,South,Store-010,Mobile,2,1135.82,2271.64,2023-01-01 21:07:25,POS_Terminal,24.17,OK,0,
4210a853-de66-4cd9-915c-d56083798194,CUST-3598,West,Store-017,Laptop,1,708.58,708.58,2023-01-06 12:47:01,Temp_Sensor,19.59,OK,0,
28aaea30-e503-46c6-b484-8ecd59c8ab71,CUST-8968,North,Store-011,Printer,3,1550.28,4650.84,2023-01-28 00:58:41,POS_Terminal,24.27,OK,0,
7489e746-2e4a-4d81-8768-f396cb993ac2,CUST-9444,East,Store-002,Tablet,4,1927.16,7708.64,2023-01-06 09:14:37,RFID_Scanner,23.47,OK,0,
c13edc08-2e1c-4809-bcd7-77e0395563fe,CUST-2669,East,Store-017,Laptop,2,1278.36,2556.72,2023-01-10 23:17:32,POS_Terminal,19.1,OK,0,
79e8ba87-3696-4bfa-af37-b64bae3d4c89,CUST-8233,South,Store-004,Mobile,3,702.48,2107.44,2023-01-07 16:30:59,RFID_Scanner,23.94,OK,0,
01a79436-a7d2-44ec-856a-2613626892a4,CUST-7811,East,Store-008,Printer,4,715.57,2862.28,2023-01-25 12:23:38,RFID_Scanner,18.6,OK,0,
bac7708a-2fa4-4938-9fe0-1f843b4e35f8,CUST-7799,North,Store-008,Mobile,5,872.36,4361.8,2023-01-12 01:51:04,RFID_Scanner,23.61,OK,0,
80e9e709-77e4-47df-9fd9-c206c4dc588c,CUST-7706,South,Store-017,Printer,3,1890.29,5670.87,2023-01-22 11:38:29,RFID_Scanner,23.39,OK,0,
65582c7a-9cef-4081-948f-3c5f70fadcd4,CUST-9476,East,Store-003,Headphones,3,833.22,2499.66,2023-01-08 23:27:07,POS_Terminal,18.43,OK,0,
48e76fe3-220e-40b9-b459-3e70677aac49,CUST-3473,East,Store-017,Headphones,4,833.91,3335.64,2023-01-27 21:00:10,POS_Terminal,23.05,OK,0,
be85186e-1ccf-4566-8fb3-90813dc32d8a,CUST-6638,East,Store-009,Camera,5,1844.88,9224.4,2023-01-20 14:37:19,POS_Terminal,22.51,OK,0,
b0739d48-4bf9-41d3-87b1-f686449c9724,CUST-8244,North,Store-013,Printer,2,1767.9,3535.8,2023-01-05 02:11:39,RFID_Scanner,21.76,OK,0,
f5215d55-d3c6-452f-90d4-3641c78d70ff,CUST-3064,North,Store-007,Laptop,5,1125.98,5629.9,2023-01-26 07:24:01,POS_Terminal,23.3,OK,0,
1010c479-56d7-4439-93d9-7b9b6c97de86,CUST-1456,North,Store-008,Printer,3,1466.69,4400.07,2023-01-25 12:41:15,RFID_Scanner,23.12,OK,0,
cb5b7aa8-0926-4ccf-9be6-8580ec9fe2ed,CUST-5255,North,Store-004,Laptop,1,925.04,925.04,2023-01-28 18:56:07,Temp_Sensor,18.04,OK,0,
f9e854e4-4861-423c-ab02-8a30d28527b4,CUST-4868,West,Store-012,Headphones,3,1350.5,4051.5,2023-01-28 19:19:13,Temp_Sensor,18.98,OK,0,
e8b64451-8776-467c-91f4-b258e5cb0e43,CUST-5057,East,Store-011,Camera,5,425.48,2127.4,2023-01-18 12:54:25,POS_Terminal,18.69,OK,0,
37879672-1a75-461d-b1ee-720ae9ea00e3,CUST-7751,East,Store-003,Laptop,4,1782.59,7130.36,2023-01-24 02:52:30,RFID_Scanner,21.12,OK,0,
fdef5241-2a72-427e-81af-218f19654069,CUST-9622,South,Store-019,Camera,5,1568.71,7843.55,2023-01-13 19:13:31,Temp_Sensor,21.49,OK,0,
48510f1c-dd10-4a13-a67c-fabc783191c0,CUST-8210,South,Store-014,Printer,2,331.48,662.96,2023-01-07 04:06:36,POS_Terminal,22.98,OK,0,
a3bb4d05-1492-4c10-ab5f-592cf7f6d9fd,CUST-9408,East,Store-007,Tablet,4,113.58,454.32,2023-01-08 14:43:53,Temp_Sensor,20.59,OK,0,
96a38aa5-1048-4646-b846-7d2f5540d9da,CUST-7694,East,Store-004,Headphones,5,614.7,3073.5,2023-01-26 09:04:47,RFID_Scanner,18.82,OK,0,
e0ade13d-7cec-4803-95f8-935d72ad1c2c,CUST-7135,North,Store-010,Tablet,1,1592.85,1592.85,2023-01-07 21:36:17,Temp_Sensor,20.95,OK,0,
aae397e7-b646-4549-b76a-dedf786d6fe4,CUST-5999,North,Store-007,Mobile,4,54.07,0.0,2023-01-27 13:55:37,POS_Terminal,18.47,FAILED,1,Device_Failure
b18a8ea3-17b0-4505-9b83-e1cd175865c1,CUST-6074,South,Store-011,Printer,4,976.69,3906.76,2023-01-30 09:42:10,RFID_Scanner,23.33,OK,0,
b77f8fa0-caa8-4e0d-8ab3-d05223fe2060,CUST-8551,South,Store-015,Mobile,3,224.16,672.48,2023-01-20 21:15:05,POS_Terminal,19.63,OK,0,
d4c36667-8d81-4999-9a00-4fbcfb076d6f,CUST-9863,East,Store-015,Smartwatch,3,1309.54,3928.62,2023-01-09 00:57:18,Temp_Sensor,18.17,OK,0,
28dfec08-76e2-4ba1-9897-a8e5ba14e463,CUST-6060,East,Store-018,Laptop,2,1912.58,3825.16,2023-01-27 07:16:57,Temp_Sensor,23.3,OK,0,
f87a90c9-76cd-4eb4-9c3a-0922022ce1e9,CUST-9548,West,Store-016,Camera,1,284.55,284.55,2023-01-26 19:39:40,RFID_Scanner,24.74,OK,0,
0312ab02-69e6-481c-90c5-2cc16a5ccba2,CUST-4371,West,Store-019,Tablet,1,1623.5,1623.5,2023-01-30 11:02:13,POS_Terminal,43.5,OVERHEAT,1,Overheat
6180efa3-06a2-4a71-80e4-e2edde590e59,CUST-3957,South,Store-001,Printer,5,668.9,3344.5,2023-01-13 11:38:01,RFID_Scanner,42.13,OVERHEAT,1,Overheat
1bb07ea0-eff5-4a2a-a113-ea8b5bb28a20,CUST-3992,North,Store-003,Mobile,3,1906.72,5720.16,2023-01-09 05:07:18,RFID_Scanner,22.3,OK,0,
19d9b840-97fa-4dd5-8450-b2b74662dc54,CUST-1445,East,Store-010,Tablet,1,674.08,674.08,2023-01-21 00:58:24,POS_Terminal,19.81,OK,0,
05bc6ad3-6283-406f-bacc-4ab1b35c6a1d,CUST-2981,East,Store-007,Mobile,5,1192.76,5963.8,2023-01-24 22:21:45,Temp_Sensor,23.27,OK,0,
e8874b62-f6fc-49ae-aba7-d2985603c43d,CUST-2885,North,Store-002,Headphones,4,1128.59,4514.36,2023-01-04 04:15:51,POS_Terminal,18.2,OK,0,
fc64dbe7-9230-4f99-b967-8699c089b9b0,CUST-1305,North,Store-018,Camera,1,530.32,530.32,2023-01-27 22:16:51,Temp_Sensor,23.5,OK,0,
dfb0d762-3932-4310-a81c-147fae453748,CUST-7664,South,Store-003,Printer,5,446.74,2233.7,2023-01-07 21:52:10,POS_Terminal,21.78,OK,0,
b151b148-be7b-4619-aed9-bc2ba45d1fa8,CUST-5016,South,Store-018,Tablet,1,51.95,51.95,2023-01-23 13:21:31,Temp_Sensor,20.02,OK,0,
470ea081-71cd-4fe3-adc5-6ef88ae989a0,CUST-1008,East,Store-016,Headphones,5,539.23,2696.15,2023-01-19 10:54:39,POS_Terminal,23.9,OK,0,
c147b224-5ae9-4f61-bd89-cb3c11684929,CUST-9361,North,Store-002,Mobile,5,1148.01,5740.05,2023-01-15 14:16:08,RFID_Scanner,20.77,OK,0,
50cb009e-ba39-4872-b375-6187168db3a9,CUST-3288,North,Store-014,Mobile,5,1034.4,5172.0,2023-01-16 10:51:03,Temp_Sensor,24.62,OK,0,
22772e83-62a8-4bd0-b2a0-7e25470dac6a,CUST-8417,North,Store-008,Smartwatch,3,716.18,2148.54,2023-01-23 07:42:18,Temp_Sensor,20.3,OK,0,
8876ba09-b810-4841-b247-71b3b4f36238,CUST-3190,East,Store-020,Tablet,1,1807.82,1807.82,2023-01-09 10:11:02,POS_Terminal,21.89,OK,0,
de30f100-31fe-4acc-b167-1c90bbededd1,CUST-9011,South,Store-018,Laptop,1,1100.37,1100.37,2023-01-22 14:40:06,Temp_Sensor,18.86,OK,0,
ce6317fe-19d6-49ab-babc-24326553b022,CUST-7166,North,Store-013,Mobile,1,293.29,293.29,2023-01-18 23:38:28,RFID_Scanner,21.11,OK,0,
43146670-2333-40a2-b964-a3d31ce15662,CUST-1324,North,Store-012,Mobile,1,1641.75,1641.75,2023-01-15 17:13:42,Temp_Sensor,19.55,OK,0,
40c8556b-9827-4ba3-826e-502855a5dbdc,CUST-6947,East,Store-009,Tablet,5,457.72,2288.6,2023-01-10 12:27:27,Temp_Sensor,20.77,OK,0,
06eaccc5-b7a0-405c-9f04-626a39f90c2f,CUST-9197,South,Store-006,Camera,2,1336.68,2673.36,2023-01-28 11:05:47,Temp_Sensor,22.78,OK,0,
b93f3e99-deba-4730-a5d2-2dac3f150a1e,CUST-2070,West,Store-003,Mobile,3,1870.45,5611.35,2023-01-12 01:35:55,Temp_Sensor,23.1,OK,0,
4984c3c4-ca4d-4a37-8226-f3ac976da719,CUST-1378,North,Store-018,Tablet,1,1878.89,1878.89,2023-01-03 12:25:28,POS_Terminal,21.03,OK,0,
8a26cadc-b4b1-4be6-bf78-58bcfd1b6654,CUST-5489,East,Store-017,Tablet,4,754.87,3019.48,2023-01-03 02:38:24,Temp_Sensor,19.57,OK,0,
002bfd1c-d562-4c63-aa17-3cab8126a905,CUST-7882,South,Store-011,Laptop,4,429.49,1717.96,2023-01-04 23:18:51,Temp_Sensor,23.65,OK,0,
42d52998-21f5-4ce5-b4df-294a6bb3a9d6,CUST-4696,South,Store-003,Mobile,2,370.74,0.0,2023-01-16 02:06:54,RFID_Scanner,22.38,FAILED,1,Device_Failure
ca71ff21-02ca-44c9-82ba-d3e4eb95e60b,CUST-8077,East,Store-019,Printer,3,1688.99,5066.97,2023-01-12 23:57:17,RFID_Scanner,21.32,OK,0,
b9ed9cd9-8fbd-44a0-b532-ca55b3209557,CUST-1891,North,Store-017,Printer,2,1889.92,0.0,2023-01-30 03:00:34,Temp_Sensor,21.07,FAILED,1,Device_Failure
70ba8305-5fe4-463f-86fc-99da87569be4,CUST-3045,East,Store-002,Laptop,4,660.89,2643.56,2023-01-04 03:45:48,RFID_Scanner,18.43,OK,0,
3b7e9c36-0fcd-4b90-9a08-a2316d7fd368,CUST-1897,North,Store-020,Smartwatch,4,178.29,713.16,2023-01-03 17:00:00,Temp_Sensor,18.37,OK,0,
148133f1-3fc6-4a60-8bcd-8d362eb3559a,CUST-7581,East,Store-020,Printer,4,504.57,2018.28,2023-01-30 02:33:23,Temp_Sensor,22.37,OK,0,
bd0af33d-11ae-4418-a5c8-82e89404f4b1,CUST-8605,South,Store-020,Camera,1,712.25,712.25,2023-01-02 06:15:34,POS_Terminal,21.62,OK,0,
0d184892-9f23-4324-8dd8-f881ca745e31,CUST-2769,East,Store-001,Camera,1,1206.13,1206.13,2023-01-10 09:34:38,Temp_Sensor,18.88,OK,0,
03160a9f-2ed2-4f2a-a889-aa2098987cf2,CUST-6822,South,Store-016,Smartwatch,5,917.02,0.0,2023-01-12 19:17:35,RFID_Scanner,23.58,FAILED,1,Device_Failure
ba3ed539-e086-457f-a80d-f1c6c1eb1d5a,CUST-8140,North,Store-010,Camera,5,1562.22,7811.1,2023-01-08 03:44:38,POS_Terminal,20.16,OK,0,
feab93ee-6674-49a0-a4e9-9f5dd362e895,CUST-7042,East,Store-017,Camera,2,161.77,323.54,2023-01-25 14:49:24,Temp_Sensor,24.01,OK,0,
c8a182c2-5d52-4571-ba3d-463343da81d7,CUST-4201,West,Store-007,Printer,1,716.03,716.03,2023-01-24 02:15:35,Temp_Sensor,22.84,OK,0,
30be7813-b33d-48e9-9656-b251250e3419,CUST-6425,North,Store-020,Headphones,4,690.81,2763.24,2023-01-06 02:09:23,POS_Terminal,24.13,OK,0,
8cca66c7-47ec-4212-90eb-9d614e6b2229,CUST-9125,West,Store-001,Smartwatch,2,1401.78,2803.56,2023-01-23 15:33:16,Temp_Sensor,19.49,OK,0,
0e3b40b8-0283-4e68-92a6-8247c99c5bc4,CUST-6431,South,Store-007,Tablet,2,1660.86,3321.72,2023-01-01 07:50:08,POS_Terminal,18.07,OK,0,
133a730f-9e6f-4e97-960f-f4b64d4ac2bf,CUST-2887,West,Store-010,Tablet,2,1281.1,2562.2,2023-01-18 11:19:28,RFID_Scanner,24.83,OK,0,
3a7da89c-1c1c-409f-827f-03dc67bd7c1b,CUST-5654,West,Store-008,Headphones,2,712.64,0.0,2023-01-27 22:02:42,RFID_Scanner,19.25,FAILED,1,Device_Failure
f70b195d-c05e-4496-b890-5180318f7b7b,CUST-2657,East,Store-005,Tablet,1,709.85,709.85,2023-01-11 04:56:39,POS_Terminal,21.19,OK,0,
89df1b44-d942-4ada-80a4-c049f13cf7e6,CUST-7100,West,Store-017,Printer,5,1769.24,8846.2,2023-01-04 04:10:13,RFID_Scanner,19.01,OK,0,
a731286e-54b2-467b-b10a-f33fd8783fda,CUST-4107,West,Store-018,Tablet,12,670.01,8040.12,2023-01-21 20:27:02,Temp_Sensor,19.71,MISMATCH,1,RFID_Mismatch
53848350-7718-4527-a499-95c47dc379f9,CUST-4098,North,Store-005,Headphones,2,153.86,307.72,2023-01-14 14:18:32,RFID_Scanner,23.96,OK,0,
5e61dcb6-a7bb-4aff-bbd9-5fcdab082e2c,CUST-9011,West,Store-003,Printer,4,1592.44,6369.76,2023-01-30 20:23:40,RFID_Scanner,19.17,OK,0,
1d108564-676b-46f6-b87d-05879371d7d8,CUST-9342,North,Store-016,Camera,4,399.05,1596.2,2023-01-19 03:36:01,Temp_Sensor,22.86,OK,0,
a5fd02e0-55b6-4c05-bef1-82fd7690ca82,CUST-9106,South,Store-009,Camera,4,1294.31,5177.24,2023-01-29 08:23:20,Temp_Sensor,18.26,OK,0,
a7b3e356-538d-4a4b-b820-5dcb63c4ed3d,CUST-4325,South,Store-008,Tablet,2,646.7,1293.4,2023-01-19 07:20:00,Temp_Sensor,19.1,OK,0,
54b3effa-db15-48db-adfb-87685522ceda,CUST-5170,East,Store-005,Printer,10,625.34,6253.4,2023-01-26 04:28:11,POS_Terminal,19.61,MISMATCH,1,RFID_Mismatch
f296da82-04eb-45e6-9df2-41d46edb4587,CUST-6511,South,Store-015,Tablet,4,847.46,0.0,2023-01-25 03:40:46,POS_Terminal,19.91,FAILED,1,Device_Failure
e0db96e7-02d7-4515-aec9-60917bb20286,CUST-4830,North,Store-003,Headphones,1,624.31,0.0,2023-01-25 08:35:54,Temp_Sensor,21.83,FAILED,1,Device_Failure
e9618013-d75d-4689-9dfb-2d31b58526f2,CUST-4731,East,Store-004,Laptop,3,124.65,373.95,2023-01-10 17:22:26,POS_Terminal,19.38,OK,0,
2a713c97-01d0-400a-9bdb-f6e73d432642,CUST-5959,North,Store-007,Smartwatch,5,1996.09,9980.45,2023-01-27 08:47:14,POS_Terminal,18.06,OK,0,
5048cd26-f6bc-4c4b-bc55-a19a5750f70d,CUST-6679,South,Store-013,Printer,5,1527.72,7638.6,2023-01-01 13:51:13,POS_Terminal,22.58,OK,0,
d3e05ed2-aa44-4226-982a-43b67e78e86a,CUST-3445,South,Store-008,Mobile,2,975.15,1950.3,2023-01-26 00:58:48,Temp_Sensor,23.5,OK,0,
027dd5c7-fc17-4acd-b503-688dd120f1dc,CUST-8559,North,Store-003,Headphones,2,886.15,1772.3,2023-01-21 06:38:29,RFID_Scanner,21.07,OK,0,
f6b6d2d9-fe41-4cf0-9730-0feec485c12c,CUST-1493,North,Store-005,Camera,2,645.87,1291.74,2023-01-01 11:16:45,POS_Terminal,23.67,OK,0,
5d71f52c-760b-4e91-a456-5d558262c503,CUST-6567,West,Store-014,Tablet,4,1537.54,6150.16,2023-01-27 02:21:14,POS_Terminal,58.05,OVERHEAT,1,Overheat
b69e7a9d-11c0-431c-b0f0-96a456af9291,CUST-3518,North,Store-019,Smartwatch,5,1831.82,9159.1,2023-01-28 20:37:01,POS_Terminal,24.86,OK,0,
899f86e4-18cd-4e96-9430-4b719fc1477c,CUST-7400,East,Store-018,Tablet,2,975.82,1951.64,2023-01-16 23:07:40,Temp_Sensor,24.73,OK,0,
4c4e674d-2bbd-4696-8e7e-b453f691120f,CUST-5991,East,Store-006,Laptop,5,396.39,1981.95,2023-01-30 06:58:11,POS_Terminal,18.19,OK,0,
57e33804-a993-4a41-a28f-5e4ba5d4c751,CUST-7322,North,Store-007,Mobile,3,1336.16,4008.48,2023-01-04 09:31:55,POS_Terminal,18.4,OK,0,
8cb6736a-b7b5-4b82-b8d4-a16faae97e8c,CUST-3815,North,Store-014,Tablet,2,1979.71,3959.42,2023-01-07 06:27:22,Temp_Sensor,20.93,OK,0,
aa6ac476-c05e-4997-a004-de44ec7b20d8,CUST-7373,West,Store-005,Printer,2,654.03,1308.06,2023-01-24 01:09:31,RFID_Scanner,22.23,OK,0,
b6edd3e7-6cd3-4604-ba0c-d23e7452517c,CUST-4325,South,Store-009,Mobile,1,1982.62,1982.62,2023-01-22 15:18:53,RFID_Scanner,23.77,OK,0,
76233d6e-584c-4a3d-b993-2017c10eb991,CUST-5044,North,Store-019,Tablet,4,952.26,3809.04,2023-01-02 21:32:13,Temp_Sensor,18.64,OK,0,
dcc968c5-11a1-43cf-831a-d20b1e7ffa70,CUST-8476,North,Store-010,Tablet,5,1655.69,8278.45,2023-01-09 12:02:12,POS_Terminal,19.74,OK,0,
640d1951-a908-4a34-a64d-6c6125c04338,CUST-8079,South,Store-013,Smartwatch,2,1412.12,2824.24,2023-01-05 15:18:19,POS_Terminal,41.84,OVERHEAT,1,Overheat
8845e417-de30-4818-8b78-28f0b8d6903b,CUST-9810,North,Store-003,Smartwatch,2,1822.04,3644.08,2023-01-20 23:10:25,Temp_Sensor,18.85,OK,0,
2ad1ace5-3a15-411a-a8b3-9a29b4bce65a,CUST-2723,North,Store-014,Tablet,12,542.89,6514.68,2023-01-25 13:36:28,RFID_Scanner,21.24,MISMATCH,1,RFID_Mismatch
91133011-17ec-4073-845b-8bb0e27b41fc,CUST-8567,South,Store-011,Smartwatch,4,1718.76,6875.04,2023-01-20 06:09:32,RFID_Scanner,18.08,OK,0,
dd16e7a1-bc69-42f9-9c44-e54725188a02,CUST-3236,North,Store-015,Tablet,4,183.06,732.24,2023-01-27 14:57:56,Temp_Sensor,19.7,OK,0,
fe62db64-e3cc-4fa1-b8cb-18811c4d4477,CUST-3297,South,Store-009,Printer,2,382.65,765.3,2023-01-01 21:02:54,Temp_Sensor,18.7,OK,0,
e7cd1357-f81b-4f34-8983-cad98c321209,CUST-9759,South,Store-006,Laptop,1,1370.9,1370.9,2023-01-08 10:50:10,POS_Terminal,20.51,OK,0,
5217e1bd-e2ee-4e3e-8bb4-bf3451ee9987,CUST-1564,West,Store-015,Smartwatch,1,1681.18,1681.18,2023-01-26 09:11:34,Temp_Sensor,22.64,OK,0,
a5d80b4e-18d2-400a-84d7-f7e83ef9dbc0,CUST-2684,South,Store-010,Tablet,1,1216.5,1216.5,2023-01-03 08:41:54,POS_Terminal,23.37,OK,0,
2e473480-faf1-424f-b61e-baba3d0afaa4,CUST-7138,West,Store-007,Laptop,1,872.28,872.28,2023-01-01 16:57:48,POS_Terminal,23.74,OK,0,
6611aecd-bfa0-446d-be75-935c53dbc17e,CUST-2035,West,Store-004,Printer,2,1461.82,2923.64,2023-01-03 03:16:41,POS_Terminal,21.59,OK,0,
aec03c9c-7fc0-4e6d-995a-fc661d52b742,CUST-6286,West,Store-020,Mobile,5,820.37,4101.85,2023-01-21 18:31:00,RFID_Scanner,19.63,OK,0,
649a4ffc-3863-4059-8c1e-388f9671e12d,CUST-6298,West,Store-001,Tablet,3,73.36,220.08,2023-01-11 07:53:33,POS_Terminal,19.54,OK,0,
416d2a29-bc7c-4733-81b3-9ce9e2623f94,CUST-5562,North,Store-002,Laptop,2,851.64,1703.28,2023-01-30 01:43:59,POS_Terminal,24.88,OK,0,
c8c321f8-830c-4da5-b1d3-60871a666fb7,CUST-9784,West,Store-009,Laptop,5,682.49,3412.45,2023-01-19 20:42:41,Temp_Sensor,24.47,OK,0,
4336954d-1536-4bfd-9497-2af7632d4ba8,CUST-3177,North,Store-006,Smartwatch,3,1957.14,5871.42,2023-01-24 09:43:21,RFID_Scanner,20.35,OK,0,
87afb174-5aba-4814-addd-7e39e5b4f20f,CUST-8354,South,Store-017,Smartwatch,2,1031.67,2063.34,2023-01-01 15:29:09,RFID_Scanner,18.15,OK,0,
1780dd19-c484-45c3-ba33-af9d5e62efa3,CUST-3032,North,Store-008,Smartwatch,4,1526.63,6106.52,2023-01-04 20:29:44,RFID_Scanner,18.96,OK,0,
ccce8bde-7db2-48fa-acdf-e79d7f590d81,CUST-4309,West,Store-013,Mobile,1,514.22,514.22,2023-01-30 00:48:29,POS_Terminal,23.17,OK,0,
a2312ac2-556b-4256-b98b-deccc491f1f4,CUST-5556,North,Store-002,Camera,4,1313.69,5254.76,2023-01-15 00:04:28,RFID_Scanner,19.6,OK,0,
e801810c-3ebf-4079-b88b-665deb1a3be3,CUST-6615,West,Store-007,Camera,1,1817.93,1817.93,2023-01-13 01:20:05,Temp_Sensor,22.87,OK,0,
437fd5e7-1165-48ac-bb58-9a0132fe2f2f,CUST-7250,North,Store-006,Tablet,1,176.0,176.0,2023-01-24 20:48:17,RFID_Scanner,58.46,OVERHEAT,1,Overheat
9e39f704-4820-4b06-84c9-144aee2d046d,CUST-3057,East,Store-006,Camera,5,1670.88,8354.4,2023-01-10 22:06:43,RFID_Scanner,21.55,OK,0,
d2d753c2-6c95-43c8-8036-6a5e22d0f478,CUST-8652,North,Store-006,Smartwatch,2,527.6,1055.2,2023-01-09 13:33:44,Temp_Sensor,19.74,OK,0,
858d803e-eccb-4981-8f6f-97506919523f,CUST-8344,West,Store-009,Printer,4,206.03,824.12,2023-01-18 10:56:35,POS_Terminal,20.64,OK,0,
4197ba57-f260-45ac-8181-1399d0da9b42,CUST-7925,South,Store-005,Printer,4,88.63,354.52,2023-01-19 12:23:08,POS_Terminal,23.98,OK,0,
bf012d5e-eec5-4bc5-a562-f3de723f64ed,CUST-5918,West,Store-018,Smartwatch,2,551.72,1103.44,2023-01-23 12:11:34,POS_Terminal,21.18,OK,0,
5605b66d-d408-467b-9b0c-15926e90f249,CUST-8878,East,Store-011,Mobile,4,431.65,1726.6,2023-01-10 04:55:48,RFID_Scanner,18.09,OK,0,
ca3ab341-c3ae-4e22-9ad8-91c8c5b86269,CUST-7131,South,Store-013,Tablet,4,1942.46,7769.84,2023-01-19 02:44:43,POS_Terminal,21.43,OK,0,
276281d3-3526-4b65-a16d-885892d70604,CUST-2167,South,Store-002,Laptop,4,1867.65,7470.6,2023-01-08 21:09:57,RFID_Scanner,23.34,OK,0,
72eb7933-f267-4571-b40e-7a8313e73a2f,CUST-6711,South,Store-012,Smartwatch,1,1319.27,1319.27,2023-01-21 14:02:34,Temp_Sensor,19.73,OK,0,
8878e7d5-302f-4077-be1c-0fe8021690ce,CUST-6921,East,Store-005,Headphones,5,938.17,4690.85,2023-01-08 03:41:43,POS_Terminal,19.73,OK,0,
fd29eabe-7a6e-4618-a796-e1eada50ee4d,CUST-3644,East,Store-004,Printer,1,1306.57,1306.57,2023-01-19 15:47:51,POS_Terminal,22.94,OK,0,
fd40edc5-88bb-4d1e-9f69-b63e0658a123,CUST-2316,West,Store-014,Mobile,4,543.1,2172.4,2023-01-15 16:06:40,Temp_Sensor,24.77,OK,0,
b1324a5f-a12b-4c35-a004-e1602877f9fa,CUST-7271,North,Store-014,Printer,1,263.08,263.08,2023-01-28 19:08:27,POS_Terminal,23.7,OK,0,
bc92cf60-fe33-443b-82be-fe168c35f2eb,CUST-4432,South,Store-010,Laptop,2,1641.96,3283.92,2023-01-01 01:50:21,RFID_Scanner,18.49,OK,0,
1b63baea-fd25-488e-91c2-df828756395e,CUST-9600,South,Store-010,Smartwatch,4,382.74,1530.96,2023-01-19 04:30:01,RFID_Scanner,22.93,OK,0,
5a7f87c3-36a8-4e78-aed3-9a55d18bfd7e,CUST-3981,East,Store-015,Camera,2,411.99,823.98,2023-01-03 20:43:08,Temp_Sensor,19.28,OK,0,
91fd5e8e-476e-46dd-8912-3b62325af08b,CUST-5249,South,Store-015,Smartwatch,5,262.93,1314.65,2023-01-09 01:33:03,RFID_Scanner,20.05,OK,0,
37b20e04-67ee-4acc-9f47-dc21d7be5c5e,CUST-5534,East,Store-011,Laptop,5,507.82,0.0,2023-01-24 13:17:32,Temp_Sensor,23.32,FAILED,1,Device_Failure
cb5b89f2-b27e-4049-a07a-2759ae122ea5,CUST-1118,East,Store-004,Mobile,5,1593.98,7969.9,2023-01-19 05:40:56,Temp_Sensor,21.64,OK,0,
2c69d3db-571c-4e87-95aa-f95058673419,CUST-5355,South,Store-016,Printer,3,1228.52,3685.56,2023-01-17 08:06:33,POS_Terminal,22.77,OK,0,
c699de42-28dd-4162-9398-9eea7ad51b3f,CUST-6164,West,Store-012,Smartwatch,4,787.95,3151.8,2023-01-03 18:41:28,POS_Terminal,24.11,OK,0,
5e42f1e2-80b1-4ab5-a831-f9b79bb18c11,CUST-1050,South,Store-013,Smartwatch,2,100.08,200.16,2023-01-06 23:10:57,Temp_Sensor,19.96,OK,0,
690f20ac-3e8a-4b58-909d-7cf6b04c207e,CUST-5072,North,Store-015,Camera,4,1054.08,4216.32,2023-01-10 02:57:36,RFID_Scanner,24.9,OK,0,
40d1bf18-bd4e-407d-a0e4-75bb717bd42e,CUST-6278,East,Store-012,Printer,1,1940.72,1940.72,2023-01-16 19:15:51,Temp_Sensor,21.11,OK,0,
8cbf047b-631b-4a85-b7d5-a158ef1f9006,CUST-7556,East,Store-012,Tablet,4,1974.4,7897.6,2023-01-05 21:02:21,Temp_Sensor,20.69,OK,0,
183c448c-82ac-401a-96ac-e018f63f91a3,CUST-3345,East,Store-005,Tablet,1,637.63,637.63,2023-01-27 15:20:10,POS_Terminal,19.18,OK,0,
a884f794-fa95-4d29-be71-b4b8113711fa,CUST-2895,South,Store-018,Mobile,2,462.7,925.4,2023-01-05 08:11:44,RFID_Scanner,21.04,OK,0,
15c1bee5-8838-46bf-b520-5687c6c6d1be,CUST-3625,North,Store-013,Printer,3,479.73,1439.19,2023-01-13 12:09:32,Temp_Sensor,21.33,OK,0,
ae0053f2-c70c-4022-a3c1-2a5a52c64bcf,CUST-3016,West,Store-018,Smartwatch,4,226.36,905.44,2023-01-17 03:44:29,RFID_Scanner,24.52,OK,0,
9e31f2af-5c0e-4a8d-9dec-0f0626d0d9e4,CUST-2059,North,Store-013,Smartwatch,4,1325.14,5300.56,2023-01-28 06:39:39,POS_Terminal,23.66,OK,0,
2bd15c21-084b-4671-ad12-1ac510ccd75b,CUST-2895,North,Store-003,Laptop,1,713.46,713.46,2023-01-29 17:57:48,RFID_Scanner,23.21,OK,0,
5ceed6d9-ee91-4b33-a985-65ea9cec721f,CUST-7025,West,Store-011,Tablet,5,1486.99,7434.95,2023-01-16 02:06:25,RFID_Scanner,22.13,OK,0,
79a3036c-a789-4f5b-bd1c-cac66e30108c,CUST-7359,South,Store-011,Printer,3,1605.16,4815.48,2023-01-07 03:09:31,Temp_Sensor,22.65,OK,0,
ccb55b0d-0405-4cbf-9827-722e5ee546de,CUST-2746,South,Store-001,Camera,4,666.06,2664.24,2023-01-15 09:49:28,RFID_Scanner,21.5,OK,0,
323d3d1e-15ec-4f15-bc94-18fedf706fed,CUST-5643,West,Store-002,Camera,3,652.34,1957.02,2023-01-06 23:50:45,POS_Terminal,24.98,OK,0,
1f91c362-abfb-4528-8320-a07b20043087,CUST-8836,West,Store-016,Headphones,4,164.68,658.72,2023-01-17 04:08:29,RFID_Scanner,23.8,OK,0,
ece52de2-1443-45c0-ae3d-8932989e5500,CUST-4687,East,Store-006,Printer,4,1468.42,5873.68,2023-01-15 12:28:43,Temp_Sensor,24.39,OK,0,
b88fa81b-a57b-490a-b4ee-c418ba45e336,CUST-1353,South,Store-011,Tablet,4,1981.11,7924.44,2023-01-19 23:58:14,POS_Terminal,18.5,OK,0,
a1fb4dd0-14c0-43ce-ab09-ba6900cd0140,CUST-5626,West,Store-018,Tablet,1,305.26,305.26,2023-01-29 04:11:45,RFID_Scanner,23.95,OK,0,
3c62f531-629d-455d-bce7-a15f44cc0e3e,CUST-8496,West,Store-019,Mobile,4,1407.11,5628.44,2023-01-15 03:08:04,RFID_Scanner,19.47,OK,0,
c178d8c4-9d40-406f-a9c9-f8e9b1aa6066,CUST-4205,East,Store-012,Smartwatch,5,248.8,1244.0,2023-01-08 03:58:22,POS_Terminal,24.65,OK,0,
658133b7-9157-4f9e-96f9-c7ece0fc81bd,CUST-3756,East,Store-004,Headphones,4,400.28,1601.12,2023-01-03 13:08:04,RFID_Scanner,24.86,OK,0,
12c8ce93-d270-4078-a427-fa0680e65e4d,CUST-8107,West,Store-013,Mobile,1,281.66,281.66,2023-01-20 06:07:28,POS_Terminal,20.12,OK,0,
f5747515-9c87-4550-9cb5-4de330361e3d,CUST-3826,South,Store-003,Printer,4,1736.55,6946.2,2023-01-19 13:10:47,POS_Terminal,22.43,OK,0,
8697aa9a-acdd-408f-8426-bd6936f00428,CUST-1190,East,Store-004,Laptop,1,1003.98,1003.98,2023-01-25 17:54:00,RFID_Scanner,18.16,OK,0,
18f37428-8fb2-4ef2-8730-739479a66271,CUST-8856,North,Store-004,Printer,5,403.14,2015.7,2023-01-24 12:07:26,Temp_Sensor,22.92,OK,0,
63e9c893-2872-475f-9d46-7128aaf6544d,CUST-3051,East,Store-011,Laptop,5,410.54,2052.7,2023-01-01 23:00:22,POS_Terminal,21.89,OK,0,
485b86d8-5d66-4314-981e-f8436375d7dc,CUST-9684,South,Store-003,Camera,5,1101.01,5505.05,2023-01-07 00:34:28,RFID_Scanner,24.76,OK,0,
93205e99-7924-415c-be50-f274d78e70a3,CUST-3960,West,Store-001,Camera,4,1611.0,6444.0,2023-01-06 23:21:29,RFID_Scanner,18.9,OK,0,
9b2f176b-28c0-482d-b6bb-2eda55151b62,CUST-3641,East,Store-018,Headphones,1,214.99,214.99,2023-01-07 01:18:21,Temp_Sensor,20.09,OK,0,
13845cf0-e82a-4af2-96c1-d2f1aba82693,CUST-3811,South,Store-001,Mobile,3,140.02,420.06,2023-01-26 05:11:42,POS_Terminal,22.61,OK,0,
7bf2a867-5737-4440-8757-52128e53ec18,CUST-9035,North,Store-017,Headphones,5,1099.51,5497.55,2023-01-11 04:28:50,Temp_Sensor,18.69,OK,0,
1d344c02-dc63-4503-b43c-5a0ab1c48019,CUST-4884,East,Store-007,Mobile,3,1719.37,5158.11,2023-01-11 10:44:28,RFID_Scanner,22.22,OK,0,
3218b8a1-7f9c-4885-b2fc-ca73a09798d1,CUST-6882,North,Store-005,Smartwatch,5,872.93,4364.65,2023-01-27 16:37:12,POS_Terminal,19.82,OK,0,
6ca3ed15-59cd-40a5-9b92-52a1164ef239,CUST-3675,South,Store-015,Laptop,3,1369.23,4107.69,2023-01-07 22:53:28,Temp_Sensor,19.43,OK,0,
d224db23-a352-4e9d-929e-65887edfa0bb,CUST-5413,West,Store-012,Camera,5,1229.64,6148.2,2023-01-21 08:58:12,RFID_Scanner,20.21,OK,0,
93e0b784-fe2e-4d7a-8c7b-0460b9ff73ba,CUST-7208,East,Store-020,Mobile,1,576.74,576.74,2023-01-26 19:12:27,RFID_Scanner,22.79,OK,0,
37513994-f2cb-439c-af47-9f9344b9a542,CUST-6396,East,Store-012,Headphones,3,335.34,1006.02,2023-01-11 23:02:09,POS_Terminal,18.07,OK,0,
8671e0b5-42ab-400d-a198-c62bf9a38791,CUST-4640,South,Store-004,Printer,1,392.68,392.68,2023-01-15 21:09:22,Temp_Sensor,23.75,OK,0,
b772e890-a46a-46a3-a79d-679a864101fb,CUST-9666,North,Store-019,Printer,3,1125.51,3376.53,2023-01-30 11:45:01,RFID_Scanner,24.28,OK,0,
1dab53c3-130b-4e50-b179-ea3bd3de7643,CUST-7382,West,Store-012,Printer,5,1125.76,5628.8,2023-01-20 13:07:21,POS_Terminal,22.15,OK,0,
84a08d58-2e80-4c69-bc1c-ef73911846f0,CUST-9414,West,Store-005,Mobile,4,1156.74,4626.96,2023-01-13 23:30:30,RFID_Scanner,24.43,OK,0,
26a19522-55ac-4900-9b9f-34bc7d638349,CUST-7064,West,Store-020,Tablet,4,407.05,1628.2,2023-01-18 04:26:29,POS_Terminal,21.52,OK,0,
180e6254-9ff2-44c1-8adb-16a0a02c8e64,CUST-8008,West,Store-010,Smartwatch,1,1897.54,1897.54,2023-01-20 17:37:26,POS_Terminal,23.92,OK,0,
7b2cdfe1-b716-4169-a7e3-dac92f8e8f48,CUST-2256,West,Store-003,Mobile,5,161.95,809.75,2023-01-14 21:02:25,Temp_Sensor,24.51,OK,0,
2fc21967-6d49-45c6-9241-66fc2ea3e534,CUST-1175,South,Store-017,Smartwatch,2,985.33,1970.66,2023-01-26 00:01:54,Temp_Sensor,24.99,OK,0,
aaccebf1-879c-48cf-80a2-9703b0708616,CUST-3042,South,Store-001,Camera,2,1826.23,3652.46,2023-01-01 08:29:37,Temp_Sensor,20.97,OK,0,
5fe6a923-37bb-4952-91d2-60a225144fcd,CUST-6653,West,Store-017,Smartwatch,5,132.59,662.95,2023-01-22 18:43:03,RFID_Scanner,22.72,OK,0,
4f405b0c-6e10-4099-885f-c7d819407e9c,CUST-9577,West,Store-006,Laptop,3,1686.85,5060.55,2023-01-25 22:29:08,POS_Terminal,24.67,OK,0,
8f324ffd-146c-4146-a20f-d68c18e5adc7,CUST-7211,West,Store-012,Laptop,3,1832.39,5497.17,2023-01-13 02:59:51,Temp_Sensor,23.96,OK,0,
ac9b05b8-c18c-4e29-8884-821599431791,CUST-5752,North,Store-016,Headphones,3,465.48,1396.44,2023-01-28 14:44:56,POS_Terminal,19.52,OK,0,
486599d5-219d-4059-9536-61d984332e42,CUST-9446,East,Store-015,Camera,4,162.12,648.48,2023-01-01 06:51:49,Temp_Sensor,21.22,OK,0,
4b59eeae-3344-4896-a6a5-04b00c23bb11,CUST-2755,East,Store-012,Smartwatch,2,834.03,1668.06,2023-01-01 10:19:37,RFID_Scanner,21.02,OK,0,
14b1d6be-0ab8-4191-ae75-a73ec4adc40e,CUST-9668,West,Store-014,Laptop,4,63.48,253.92,2023-01-13 03:25:41,RFID_Scanner,21.29,OK,0,
142fd3a8-4c5b-4cf5-961c-9ec283dabc37,CUST-6971,South,Store-006,Camera,3,261.96,785.88,2023-01-22 06:58:24,Temp_Sensor,23.88,OK,0,
c70bcd72-db2d-43de-849a-d490ad71cca4,CUST-6795,South,Store-001,Headphones,2,265.8,531.6,2023-01-14 19:55:56,RFID_Scanner,18.94,OK,0,
7e8dc295-59b8-44d1-8b8b-4d3294a61eb3,CUST-6426,East,Store-006,Smartwatch,2,1899.33,3798.66,2023-01-13 21:40:44,RFID_Scanner,20.95,OK,0,
9816d51a-8450-4813-9848-a6d126f5a01c,CUST-3087,North,Store-013,Camera,4,306.26,1225.04,2023-01-06 05:41:19,RFID_Scanner,18.88,OK,0,
e3c7493a-4f5d-49ba-82df-fca6aa996c4e,CUST-1223,West,Store-002,Smartwatch,3,887.85,2663.55,2023-01-29 23:39:23,Temp_Sensor,18.06,OK,0,
0823108c-dbeb-4bc7-8968-af00087bcb0d,CUST-5623,South,Store-003,Printer,4,533.11,2132.44,2023-01-08 09:40:13,Temp_Sensor,21.58,OK,0,
d9f22b40-6c39-4cba-a4d5-988cc60771f6,CUST-2884,North,Store-008,Smartwatch,4,436.9,1747.6,2023-01-06 00:04:45,Temp_Sensor,23.11,OK,0,
32700f57-9f5d-4cf4-88eb-0df8ad5b56b0,CUST-4091,West,Store-008,Laptop,2,832.5,1665.0,2023-01-14 07:04:18,RFID_Scanner,24.5,OK,0,
1452e8f1-a5b0-48a6-b0b9-ed5e045bf921,CUST-4270,East,Store-002,Tablet,4,1073.69,4294.76,2023-01-12 05:37:57,RFID_Scanner,20.35,OK,0,
ed0acee5-e21b-4693-bb8c-aa1aff9503a9,CUST-9353,South,Store-002,Headphones,1,575.03,575.03,2023-01-14 14:52:16,POS_Terminal,22.98,OK,0,
ab72c972-aa80-434e-857c-0e249ebc69ac,CUST-1779,West,Store-002,Laptop,1,1337.84,1337.84,2023-01-16 14:44:14,RFID_Scanner,20.0,OK,0,
044e224b-5477-4dfe-8847-5f83ca5be9f2,CUST-2650,South,Store-006,Headphones,10,758.98,7589.8,2023-01-15 18:36:04,RFID_Scanner,18.68,MISMATCH,1,RFID_Mismatch
a1a79a09-eb30-44fa-83f1-f9266f8d0b79,CUST-6426,North,Store-012,Smartwatch,5,1081.28,5406.4,2023-01-19 00:56:11,RFID_Scanner,22.55,OK,0,
951da37e-52e4-4bd9-92ba-3c58b6d664e9,CUST-7292,East,Store-004,Mobile,5,284.69,1423.45,2023-01-29 11:23:37,Temp_Sensor,23.72,OK,0,
e6767b85-4b71-4e28-b01c-da979edb1d96,CUST-8303,East,Store-003,Camera,5,718.65,3593.25,2023-01-24 00:28:52,RFID_Scanner,21.73,OK,0,
09d6fa37-1e9f-41d5-8b82-78c3e306247e,CUST-3094,West,Store-014,Camera,3,1788.59,5365.77,2023-01-28 04:51:01,POS_Terminal,24.26,OK,0,
ba6becac-bb58-4668-b29f-2a5d13cce7d3,CUST-2923,South,Store-003,Tablet,4,1071.34,4285.36,2023-01-25 11:03:01,RFID_Scanner,19.17,OK,0,
402c369e-d06a-4d74-8bde-6c858c3fe8a4,CUST-3112,North,Store-002,Camera,1,1599.06,1599.06,2023-01-10 05:35:18,Temp_Sensor,23.7,OK,0,
80416c7e-7f8f-4bd9-86aa-511aa3e1030a,CUST-9723,East,Store-006,Tablet,5,799.09,3995.45,2023-01-19 22:40:14,POS_Terminal,22.25,OK,0,
